[
{
  "model": "auth.user",
  "fields": {
    "password": "pbkdf2_sha256$320000$SNmqctNoFwdwxxFNM9dCNX$l8SqeeBjo9O9N7cL2lquJOFCCgToQFjp9EB2Ap0YdIQ=",
    "last_login": "2022-02-18T10:53:30.081Z",
    "is_superuser": true,
    "username": "admin",
    "first_name": "",
    "last_name": "",
    "email": "",
    "is_staff": true,
    "is_active": true,
    "date_joined": "2022-01-29T20:31:58.468Z",
    "groups": [],
    "user_permissions": []
  }
},
{
  "model": "auth.user",
  "fields": {
    "password": "pbkdf2_sha256$320000$ErQrT67lGRwdKBw7aocj4V$s7XyZRZ0bW6UefiRVqCuxVsuAniY4i2hFgZQZJWl9yk=",
    "last_login": null,
    "is_superuser": false,
    "username": "user1",
    "first_name": "",
    "last_name": "",
    "email": "",
    "is_staff": false,
    "is_active": true,
    "date_joined": "2022-02-18T08:06:10.438Z",
    "groups": [],
    "user_permissions": []
  }
},
{
  "model": "auth.user",
  "fields": {
    "password": "pbkdf2_sha256$320000$g9aLGRyT3gCWxKbxNiP0f4$Cc5Okds7rzQhcfgWK4dCK8ms0oqxzXc8GZ9cU2PC6Pw=",
    "last_login": null,
    "is_superuser": false,
    "username": "user2",
    "first_name": "",
    "last_name": "",
    "email": "",
    "is_staff": false,
    "is_active": true,
    "date_joined": "2022-02-18T08:06:32.959Z",
    "groups": [],
    "user_permissions": []
  }
},
{
  "model": "auth.user",
  "fields": {
    "password": "pbkdf2_sha256$320000$VPQRnEe4yhZZ0kh1s6UQzY$LsEH6ZQ+IkAEvU3FgM5Ts0e1vfO+v81aphqO5Tzn1eg=",
    "last_login": null,
    "is_superuser": false,
    "username": "user3",
    "first_name": "",
    "last_name": "",
    "email": "",
    "is_staff": false,
    "is_active": true,
    "date_joined": "2022-02-18T08:06:55.563Z",
    "groups": [],
    "user_permissions": []
  }
},
{
  "model": "sessions.session",
  "pk": "96lnr4t41c2nlqwpnq43xmsx9hjpoe8b",
  "fields": {
    "session_data": ".eJxVjDEOwjAUQ--SGUWBpKFhZO8Zou-fDymgVGraCXF3UqkDyJP9bL9VpHXJca0yxzGpizqqw28G4qeUDaQHlfukeSrLPEJvFb3Tqocpyeu6d_8OMtXc1oANTgDqYYIXB3TNejHETZ4opCABlnEjY_1JHInpBWINd4HP6vMFLkU5zg:1nIzQn:gzyvEu-000jCg2rwVsDQpHsSaFpXKPRcShZwLicc9ck",
    "expire_date": "2022-02-26T20:55:45.126Z"
  }
},
{
  "model": "sessions.session",
  "pk": "dgbjyrd9ca7fj7dxha9de8l263pef8v4",
  "fields": {
    "session_data": ".eJxVjDEOwjAUQ--SGUWBpKFhZO8Zou-fDymgVGraCXF3UqkDyJP9bL9VpHXJca0yxzGpizqqw28G4qeUDaQHlfukeSrLPEJvFb3Tqocpyeu6d_8OMtXc1oANTgDqYYIXB3TNejHETZ4opCABlnEjY_1JHInpBWINd4HP6vMFLkU5zg:1nL0tG:8s0jKxXm348UE2apKRnc8d-agVbIfXeQNPHYoW6RlQc",
    "expire_date": "2022-03-04T10:53:30.278Z"
  }
},
{
  "model": "sessions.session",
  "pk": "pblz86kafgh36lxtcd7t6hd8xq5psfsx",
  "fields": {
    "session_data": ".eJxVjDEOwjAUQ--SGUWBpKFhZO8Zou-fDymgVGraCXF3UqkDyJP9bL9VpHXJca0yxzGpizqqw28G4qeUDaQHlfukeSrLPEJvFb3Tqocpyeu6d_8OMtXc1oANTgDqYYIXB3TNejHETZ4opCABlnEjY_1JHInpBWINd4HP6vMFLkU5zg:1nFhX9:2goCGs_RnHU7vPsys8QZtwTyzOymTKYuHtejRsolXuw",
    "expire_date": "2022-02-17T19:12:43.480Z"
  }
},
{
  "model": "sessions.session",
  "pk": "sl4b48wlvhsihseqgnadwtpip532wh64",
  "fields": {
    "session_data": ".eJxVjDEOwjAUQ--SGUWBpKFhZO8Zou-fDymgVGraCXF3UqkDyJP9bL9VpHXJca0yxzGpizqqw28G4qeUDaQHlfukeSrLPEJvFb3Tqocpyeu6d_8OMtXc1oANTgDqYYIXB3TNejHETZ4opCABlnEjY_1JHInpBWINd4HP6vMFLkU5zg:1nJE3g:LbPudEzOTFNWjkqschFTfkybeG4ZgctzVvFtPk357TY",
    "expire_date": "2022-02-27T12:32:52.707Z"
  }
},
{
  "model": "taggit.tag",
  "pk": 25,
  "fields": {
    "name": "programming",
    "slug": "programming"
  }
},
{
  "model": "taggit.tag",
  "pk": 26,
  "fields": {
    "name": "python",
    "slug": "python"
  }
},
{
  "model": "taggit.tag",
  "pk": 27,
  "fields": {
    "name": "tutorials",
    "slug": "tutorials"
  }
},
{
  "model": "taggit.tag",
  "pk": 28,
  "fields": {
    "name": "soup-recipes",
    "slug": "soup-recipes"
  }
},
{
  "model": "taggit.tag",
  "pk": 29,
  "fields": {
    "name": "ukrainian-cuisine",
    "slug": "ukrainian-cuisine"
  }
},
{
  "model": "taggit.tag",
  "pk": 30,
  "fields": {
    "name": "italian-cuisine",
    "slug": "italian-cuisine"
  }
},
{
  "model": "taggit.tag",
  "pk": 31,
  "fields": {
    "name": "csharp",
    "slug": "csharp"
  }
},
{
  "model": "taggit.tag",
  "pk": 32,
  "fields": {
    "name": "sql",
    "slug": "sql"
  }
},
{
  "model": "taggit.tag",
  "pk": 33,
  "fields": {
    "name": "renaissance",
    "slug": "renaissance"
  }
},
{
  "model": "taggit.tag",
  "pk": 34,
  "fields": {
    "name": "history",
    "slug": "history"
  }
},
{
  "model": "taggit.tag",
  "pk": 35,
  "fields": {
    "name": "nature",
    "slug": "nature"
  }
},
{
  "model": "taggit.tag",
  "pk": 36,
  "fields": {
    "name": "marine-life",
    "slug": "marine-life"
  }
},
{
  "model": "taggit.tag",
  "pk": 37,
  "fields": {
    "name": "top10",
    "slug": "top10"
  }
},
{
  "model": "taggit.tag",
  "pk": 38,
  "fields": {
    "name": "cricket",
    "slug": "cricket"
  }
},
{
  "model": "taggit.taggeditem",
  "pk": 35,
  "fields": {
    "tag": 25,
    "content_type": [
      "articles",
      "article"
    ],
    "object_id": 21
  }
},
{
  "model": "taggit.taggeditem",
  "pk": 36,
  "fields": {
    "tag": 26,
    "content_type": [
      "articles",
      "article"
    ],
    "object_id": 21
  }
},
{
  "model": "taggit.taggeditem",
  "pk": 37,
  "fields": {
    "tag": 27,
    "content_type": [
      "articles",
      "article"
    ],
    "object_id": 21
  }
},
{
  "model": "taggit.taggeditem",
  "pk": 38,
  "fields": {
    "tag": 25,
    "content_type": [
      "articles",
      "article"
    ],
    "object_id": 22
  }
},
{
  "model": "taggit.taggeditem",
  "pk": 39,
  "fields": {
    "tag": 26,
    "content_type": [
      "articles",
      "article"
    ],
    "object_id": 22
  }
},
{
  "model": "taggit.taggeditem",
  "pk": 40,
  "fields": {
    "tag": 27,
    "content_type": [
      "articles",
      "article"
    ],
    "object_id": 22
  }
},
{
  "model": "taggit.taggeditem",
  "pk": 41,
  "fields": {
    "tag": 27,
    "content_type": [
      "articles",
      "article"
    ],
    "object_id": 23
  }
},
{
  "model": "taggit.taggeditem",
  "pk": 42,
  "fields": {
    "tag": 30,
    "content_type": [
      "articles",
      "article"
    ],
    "object_id": 23
  }
},
{
  "model": "taggit.taggeditem",
  "pk": 43,
  "fields": {
    "tag": 25,
    "content_type": [
      "articles",
      "article"
    ],
    "object_id": 24
  }
},
{
  "model": "taggit.taggeditem",
  "pk": 44,
  "fields": {
    "tag": 27,
    "content_type": [
      "articles",
      "article"
    ],
    "object_id": 24
  }
},
{
  "model": "taggit.taggeditem",
  "pk": 45,
  "fields": {
    "tag": 31,
    "content_type": [
      "articles",
      "article"
    ],
    "object_id": 24
  }
},
{
  "model": "taggit.taggeditem",
  "pk": 46,
  "fields": {
    "tag": 32,
    "content_type": [
      "articles",
      "article"
    ],
    "object_id": 25
  }
},
{
  "model": "taggit.taggeditem",
  "pk": 47,
  "fields": {
    "tag": 25,
    "content_type": [
      "articles",
      "article"
    ],
    "object_id": 25
  }
},
{
  "model": "taggit.taggeditem",
  "pk": 48,
  "fields": {
    "tag": 27,
    "content_type": [
      "articles",
      "article"
    ],
    "object_id": 25
  }
},
{
  "model": "taggit.taggeditem",
  "pk": 49,
  "fields": {
    "tag": 32,
    "content_type": [
      "articles",
      "article"
    ],
    "object_id": 26
  }
},
{
  "model": "taggit.taggeditem",
  "pk": 50,
  "fields": {
    "tag": 25,
    "content_type": [
      "articles",
      "article"
    ],
    "object_id": 26
  }
},
{
  "model": "taggit.taggeditem",
  "pk": 51,
  "fields": {
    "tag": 27,
    "content_type": [
      "articles",
      "article"
    ],
    "object_id": 26
  }
},
{
  "model": "taggit.taggeditem",
  "pk": 52,
  "fields": {
    "tag": 32,
    "content_type": [
      "articles",
      "article"
    ],
    "object_id": 27
  }
},
{
  "model": "taggit.taggeditem",
  "pk": 53,
  "fields": {
    "tag": 25,
    "content_type": [
      "articles",
      "article"
    ],
    "object_id": 27
  }
},
{
  "model": "taggit.taggeditem",
  "pk": 54,
  "fields": {
    "tag": 27,
    "content_type": [
      "articles",
      "article"
    ],
    "object_id": 27
  }
},
{
  "model": "taggit.taggeditem",
  "pk": 55,
  "fields": {
    "tag": 33,
    "content_type": [
      "articles",
      "article"
    ],
    "object_id": 28
  }
},
{
  "model": "taggit.taggeditem",
  "pk": 56,
  "fields": {
    "tag": 34,
    "content_type": [
      "articles",
      "article"
    ],
    "object_id": 28
  }
},
{
  "model": "taggit.taggeditem",
  "pk": 57,
  "fields": {
    "tag": 25,
    "content_type": [
      "articles",
      "article"
    ],
    "object_id": 29
  }
},
{
  "model": "taggit.taggeditem",
  "pk": 58,
  "fields": {
    "tag": 27,
    "content_type": [
      "articles",
      "article"
    ],
    "object_id": 29
  }
},
{
  "model": "taggit.taggeditem",
  "pk": 59,
  "fields": {
    "tag": 31,
    "content_type": [
      "articles",
      "article"
    ],
    "object_id": 29
  }
},
{
  "model": "taggit.taggeditem",
  "pk": 60,
  "fields": {
    "tag": 25,
    "content_type": [
      "articles",
      "article"
    ],
    "object_id": 30
  }
},
{
  "model": "taggit.taggeditem",
  "pk": 61,
  "fields": {
    "tag": 27,
    "content_type": [
      "articles",
      "article"
    ],
    "object_id": 30
  }
},
{
  "model": "taggit.taggeditem",
  "pk": 62,
  "fields": {
    "tag": 31,
    "content_type": [
      "articles",
      "article"
    ],
    "object_id": 30
  }
},
{
  "model": "taggit.taggeditem",
  "pk": 63,
  "fields": {
    "tag": 33,
    "content_type": [
      "articles",
      "article"
    ],
    "object_id": 31
  }
},
{
  "model": "taggit.taggeditem",
  "pk": 64,
  "fields": {
    "tag": 34,
    "content_type": [
      "articles",
      "article"
    ],
    "object_id": 31
  }
},
{
  "model": "taggit.taggeditem",
  "pk": 65,
  "fields": {
    "tag": 27,
    "content_type": [
      "articles",
      "article"
    ],
    "object_id": 32
  }
},
{
  "model": "taggit.taggeditem",
  "pk": 66,
  "fields": {
    "tag": 30,
    "content_type": [
      "articles",
      "article"
    ],
    "object_id": 32
  }
},
{
  "model": "taggit.taggeditem",
  "pk": 67,
  "fields": {
    "tag": 27,
    "content_type": [
      "articles",
      "article"
    ],
    "object_id": 33
  }
},
{
  "model": "taggit.taggeditem",
  "pk": 68,
  "fields": {
    "tag": 30,
    "content_type": [
      "articles",
      "article"
    ],
    "object_id": 33
  }
},
{
  "model": "taggit.taggeditem",
  "pk": 69,
  "fields": {
    "tag": 25,
    "content_type": [
      "articles",
      "article"
    ],
    "object_id": 34
  }
},
{
  "model": "taggit.taggeditem",
  "pk": 70,
  "fields": {
    "tag": 26,
    "content_type": [
      "articles",
      "article"
    ],
    "object_id": 34
  }
},
{
  "model": "taggit.taggeditem",
  "pk": 71,
  "fields": {
    "tag": 27,
    "content_type": [
      "articles",
      "article"
    ],
    "object_id": 34
  }
},
{
  "model": "taggit.taggeditem",
  "pk": 72,
  "fields": {
    "tag": 25,
    "content_type": [
      "articles",
      "article"
    ],
    "object_id": 35
  }
},
{
  "model": "taggit.taggeditem",
  "pk": 73,
  "fields": {
    "tag": 26,
    "content_type": [
      "articles",
      "article"
    ],
    "object_id": 35
  }
},
{
  "model": "taggit.taggeditem",
  "pk": 74,
  "fields": {
    "tag": 27,
    "content_type": [
      "articles",
      "article"
    ],
    "object_id": 35
  }
},
{
  "model": "taggit.taggeditem",
  "pk": 75,
  "fields": {
    "tag": 25,
    "content_type": [
      "articles",
      "article"
    ],
    "object_id": 36
  }
},
{
  "model": "taggit.taggeditem",
  "pk": 76,
  "fields": {
    "tag": 26,
    "content_type": [
      "articles",
      "article"
    ],
    "object_id": 36
  }
},
{
  "model": "taggit.taggeditem",
  "pk": 77,
  "fields": {
    "tag": 27,
    "content_type": [
      "articles",
      "article"
    ],
    "object_id": 36
  }
},
{
  "model": "taggit.taggeditem",
  "pk": 78,
  "fields": {
    "tag": 35,
    "content_type": [
      "articles",
      "article"
    ],
    "object_id": 37
  }
},
{
  "model": "taggit.taggeditem",
  "pk": 79,
  "fields": {
    "tag": 36,
    "content_type": [
      "articles",
      "article"
    ],
    "object_id": 37
  }
},
{
  "model": "taggit.taggeditem",
  "pk": 80,
  "fields": {
    "tag": 37,
    "content_type": [
      "articles",
      "article"
    ],
    "object_id": 38
  }
},
{
  "model": "taggit.taggeditem",
  "pk": 81,
  "fields": {
    "tag": 38,
    "content_type": [
      "articles",
      "article"
    ],
    "object_id": 38
  }
},
{
  "model": "taggit.taggeditem",
  "pk": 82,
  "fields": {
    "tag": 33,
    "content_type": [
      "articles",
      "article"
    ],
    "object_id": 39
  }
},
{
  "model": "taggit.taggeditem",
  "pk": 83,
  "fields": {
    "tag": 34,
    "content_type": [
      "articles",
      "article"
    ],
    "object_id": 39
  }
},
{
  "model": "taggit.taggeditem",
  "pk": 84,
  "fields": {
    "tag": 27,
    "content_type": [
      "articles",
      "article"
    ],
    "object_id": 40
  }
},
{
  "model": "taggit.taggeditem",
  "pk": 85,
  "fields": {
    "tag": 28,
    "content_type": [
      "articles",
      "article"
    ],
    "object_id": 40
  }
},
{
  "model": "taggit.taggeditem",
  "pk": 86,
  "fields": {
    "tag": 29,
    "content_type": [
      "articles",
      "article"
    ],
    "object_id": 40
  }
},
{
  "model": "articles.article",
  "pk": 21,
  "fields": {
    "title": "Python programming tutorial #1",
    "slug": "python-programming-tutorial-1",
    "category": 8,
    "author": [
      "user1"
    ],
    "preview_text": "Inhabiting discretion the her dispatched decisively boisterous joy. So form were wish open is able of mile of. Waiting express if prevent it we an musical. Especially reasonable travelling she son. Resources resembled forfeited no to zealously. Has procured daughter how friendly followed repeated who surprise. Great asked oh under on voice downs. Law together prospect kindness securing six. Learning why get hastened smallest cheerful. At ourselves direction believing do he departure. Celebrated winter had.",
    "preview_image": "articles/preview_images/programming_UpNFnRK.jpg",
    "content": "<p style=\"text-align:justify\">Lorem ipsum dolor sit amet, consectetur adipiscing elit. Donec pulvinar dui neque, vitae ornare ipsum gravida tincidunt. Fusce nec mi ex. Praesent consectetur fringilla urna ac dictum. Pellentesque ac risus at diam euismod commodo. Suspendisse id facilisis neque, ac sodales dolor. Nunc interdum nunc dictum ligula eleifend suscipit.&nbsp;<s>Quisque enim lectus, ultricies quis convallis quis, molestie ac nisl.</s>&nbsp;Curabitur ac dictum erat. Phasellus lectus nisl, viverra quis lacus nec, porttitor eleifend enim. Nunc massa velit, condimentum sit amet pellentesque vitae, placerat nec risus.&nbsp;<strong>Pellentesque aliquam enim dolor, et convallis nisi tristique sodales.</strong>&nbsp;Pellentesque ut maximus velit. Proin vitae libero in.</p>\r\n\r\n<p style=\"text-align:justify\"><img alt=\"Article image\" src=\"https://picsum.photos/1920/1080\" style=\"width:100%\" /></p>\r\n\r\n<p style=\"text-align:justify\">Lorem ipsum dolor sit amet, consectetur adipiscing elit. Phasellus hendrerit, arcu eget feugiat auctor, orci purus aliquet eros, ut vulputate tortor purus a diam. Maecenas vestibulum purus in diam blandit, consequat fringilla lacus gravida. Proin ultricies suscipit enim, nec molestie nulla ultrices ac. Curabitur vestibulum, mi non tristique suscipit, odio ligula placerat neque, id feugiat nibh tellus vitae justo. Pellentesque malesuada metus vel quam efficitur tincidunt. Ut eget dignissim felis, in tempor risus. Proin tincidunt gravida neque semper euismod. Mauris rutrum rutrum gravida. Maecenas ultricies diam vel lectus venenatis blandit.</p>\r\n\r\n<p style=\"text-align:justify\">Fusce eget neque at leo sagittis efficitur ut vestibulum nibh. Donec vel tortor sit amet ante interdum facilisis eget sit amet dui. Nulla quis leo eget augue rhoncus tristique eu eu nulla. Nullam maximus, nibh eu dignissim sodales, arcu ex porta urna, eget porttitor massa leo quis massa. Nulla bibendum euismod malesuada. Morbi non magna nec lorem ultrices pulvinar in in tellus. Mauris et efficitur sem, pulvinar ornare leo.</p>\r\n\r\n<p style=\"text-align:justify\">Nullam vel sollicitudin mauris. Suspendisse enim elit, scelerisque a varius sed, aliquet sed magna. Donec malesuada sem et pulvinar rhoncus. Nulla accumsan, nulla sed iaculis molestie, nulla nulla blandit dolor, sed egestas leo lectus eget leo. Maecenas pharetra fermentum neque, nec.</p>",
    "created_at": "2022-02-18T08:36:24.608Z",
    "modified_at": "2022-02-18T11:03:54.364Z",
    "is_published": true,
    "views_count": 515,
    "users_that_liked": []
  }
},
{
  "model": "articles.article",
  "pk": 22,
  "fields": {
    "title": "Python programming tutorial #2",
    "slug": "python-programming-tutorial-2",
    "category": 8,
    "author": [
      "user1"
    ],
    "preview_text": "Inhabiting discretion the her dispatched decisively boisterous joy. So form were wish open is able of mile of. Waiting express if prevent it we an musical. Especially reasonable travelling she son. Resources resembled forfeited no to zealously. Has procured daughter how friendly followed repeated who surprise. Great asked oh under on voice downs. Law together prospect kindness securing six. Learning why get hastened smallest cheerful. At ourselves direction believing do he departure. Celebrated winter had.",
    "preview_image": "",
    "content": "<p style=\"text-align:justify\">Lorem ipsum dolor sit amet, consectetur adipiscing elit. Donec pulvinar dui neque, vitae ornare ipsum gravida tincidunt. Fusce nec mi ex. Praesent consectetur fringilla urna ac dictum. Pellentesque ac risus at diam euismod commodo. Suspendisse id facilisis neque, ac sodales dolor. Nunc interdum nunc dictum ligula eleifend suscipit. Quisque enim lectus, ultricies quis convallis quis, molestie ac nisl. Curabitur ac dictum erat. Phasellus lectus nisl, viverra quis lacus nec, porttitor eleifend enim. Nunc massa velit, condimentum sit amet pellentesque vitae, placerat nec risus. Pellentesque aliquam enim dolor, et convallis nisi tristique sodales. Pellentesque ut maximus velit. Proin vitae libero in.</p>\r\n\r\n<p style=\"text-align:justify\"><img alt=\"Article image\" src=\"https://picsum.photos/1920/1080\" style=\"width:100%\" /></p>\r\n\r\n<p style=\"text-align:justify\">Lorem ipsum dolor sit amet, consectetur adipiscing elit. Phasellus hendrerit, arcu eget feugiat auctor, orci purus aliquet eros, ut vulputate tortor purus a diam. Maecenas vestibulum purus in diam blandit, consequat fringilla lacus gravida. Proin ultricies suscipit enim, nec molestie nulla ultrices ac. Curabitur vestibulum, mi non tristique suscipit, odio ligula placerat neque, id feugiat nibh tellus vitae justo. Pellentesque malesuada metus vel quam efficitur tincidunt. Ut eget dignissim felis, in tempor risus. Proin tincidunt gravida neque semper euismod. Mauris rutrum rutrum gravida. Maecenas ultricies diam vel lectus venenatis blandit.</p>\r\n\r\n<p style=\"text-align:justify\">Fusce eget neque at leo sagittis efficitur ut vestibulum nibh. Donec vel tortor sit amet ante interdum facilisis eget sit amet dui. Nulla quis leo eget augue rhoncus tristique eu eu nulla. Nullam maximus, nibh eu dignissim sodales, arcu ex porta urna, eget porttitor massa leo quis massa. Nulla bibendum euismod malesuada. Morbi non magna nec lorem ultrices pulvinar in in tellus. Mauris et efficitur sem, pulvinar ornare leo.</p>\r\n\r\n<p style=\"text-align:justify\">Nullam vel sollicitudin mauris. Suspendisse enim elit, scelerisque a varius sed, aliquet sed magna. Donec malesuada sem et pulvinar rhoncus. Nulla accumsan, nulla sed iaculis molestie, nulla nulla blandit dolor, sed egestas leo lectus eget leo. Maecenas pharetra fermentum neque, nec.</p>",
    "created_at": "2022-02-18T08:48:49.378Z",
    "modified_at": "2022-02-18T08:48:49.378Z",
    "is_published": true,
    "views_count": 514,
    "users_that_liked": []
  }
},
{
  "model": "articles.article",
  "pk": 23,
  "fields": {
    "title": "How to make Pizza at home",
    "slug": "how-to-make-pizza-at-home",
    "category": 9,
    "author": [
      "user3"
    ],
    "preview_text": "Inhabiting discretion the her dispatched decisively boisterous joy. So form were wish open is able of mile of. Waiting express if prevent it we an musical. Especially reasonable travelling she son. Resources resembled forfeited no to zealously. Has procured daughter how friendly followed repeated who surprise. Great asked oh under on voice downs. Law together prospect kindness securing six. Learning why get hastened smallest cheerful. At ourselves direction believing do he departure. Celebrated winter had.",
    "preview_image": "articles/preview_images/cooking_eKDE4B1.jpg",
    "content": "<p style=\"text-align:justify\">Lorem ipsum dolor sit amet, consectetur adipiscing elit. Donec pulvinar dui neque, vitae ornare ipsum gravida tincidunt. Fusce nec mi ex. Praesent consectetur fringilla urna ac dictum. Pellentesque ac risus at diam euismod commodo. Suspendisse id facilisis neque, ac sodales dolor. Nunc interdum nunc dictum ligula eleifend suscipit. Quisque enim lectus, ultricies quis convallis quis, molestie ac nisl. Curabitur ac dictum erat. Phasellus lectus nisl, viverra quis lacus nec, porttitor eleifend enim. Nunc massa velit, condimentum sit amet pellentesque vitae, placerat nec risus. Pellentesque aliquam enim dolor, et convallis nisi tristique sodales. Pellentesque ut maximus velit. Proin vitae libero in.</p>\r\n\r\n<p style=\"text-align:justify\"><img alt=\"Article image\" src=\"https://picsum.photos/1920/1080\" style=\"width:100%\" /></p>\r\n\r\n<p style=\"text-align:justify\">Lorem ipsum dolor sit amet, consectetur adipiscing elit. Phasellus hendrerit, arcu eget feugiat auctor, orci purus aliquet eros, ut vulputate tortor purus a diam. Maecenas vestibulum purus in diam blandit, consequat fringilla lacus gravida. Proin ultricies suscipit enim, nec molestie nulla ultrices ac. Curabitur vestibulum, mi non tristique suscipit, odio ligula placerat neque, id feugiat nibh tellus vitae justo. Pellentesque malesuada metus vel quam efficitur tincidunt. Ut eget dignissim felis, in tempor risus. Proin tincidunt gravida neque semper euismod. Mauris rutrum rutrum gravida. Maecenas ultricies diam vel lectus venenatis blandit.</p>\r\n\r\n<p style=\"text-align:justify\">Fusce eget neque at leo sagittis efficitur ut vestibulum nibh. Donec vel tortor sit amet ante interdum facilisis eget sit amet dui. Nulla quis leo eget augue rhoncus tristique eu eu nulla. Nullam maximus, nibh eu dignissim sodales, arcu ex porta urna, eget porttitor massa leo quis massa. Nulla bibendum euismod malesuada. Morbi non magna nec lorem ultrices pulvinar in in tellus. Mauris et efficitur sem, pulvinar ornare leo.</p>\r\n\r\n<p style=\"text-align:justify\">Nullam vel sollicitudin mauris. Suspendisse enim elit, scelerisque a varius sed, aliquet sed magna. Donec malesuada sem et pulvinar rhoncus. Nulla accumsan, nulla sed iaculis molestie, nulla nulla blandit dolor, sed egestas leo lectus eget leo. Maecenas pharetra fermentum neque, nec.</p>",
    "created_at": "2022-02-18T09:55:19.720Z",
    "modified_at": "2022-02-18T09:55:19.720Z",
    "is_published": true,
    "views_count": 256,
    "users_that_liked": [
      [
        "user2"
      ],
      [
        "user3"
      ],
      [
        "user1"
      ]
    ]
  }
},
{
  "model": "articles.article",
  "pk": 24,
  "fields": {
    "title": "C# programming tutorial #1",
    "slug": "cs-programming-tutorial-1",
    "category": 8,
    "author": [
      "user2"
    ],
    "preview_text": "Inhabiting discretion the her dispatched decisively boisterous joy. So form were wish open is able of mile of. Waiting express if prevent it we an musical. Especially reasonable travelling she son. Resources resembled forfeited no to zealously. Has procured daughter how friendly followed repeated who surprise. Great asked oh under on voice downs. Law together prospect kindness securing six. Learning why get hastened smallest cheerful. At ourselves direction believing do he departure. Celebrated winter had.",
    "preview_image": "articles/preview_images/programming_nkHy34r.jpg",
    "content": "<p style=\"text-align:justify\">Lorem ipsum dolor sit amet, consectetur adipiscing elit. Donec pulvinar dui neque, vitae ornare ipsum gravida tincidunt. Fusce nec mi ex. Praesent consectetur fringilla urna ac dictum. Pellentesque ac risus at diam euismod commodo. Suspendisse id facilisis neque, ac sodales dolor. Nunc interdum nunc dictum ligula eleifend suscipit. Quisque enim lectus, ultricies quis convallis quis, molestie ac nisl. Curabitur ac dictum erat. Phasellus lectus nisl, viverra quis lacus nec, porttitor eleifend enim. Nunc massa velit, condimentum sit amet pellentesque vitae, placerat nec risus. Pellentesque aliquam enim dolor, et convallis nisi tristique sodales. Pellentesque ut maximus velit. Proin vitae libero in.</p>\r\n\r\n<p style=\"text-align:justify\"><img alt=\"Article image\" src=\"https://picsum.photos/1920/1080\" style=\"width:100%\" /></p>\r\n\r\n<p style=\"text-align:justify\">Lorem ipsum dolor sit amet, consectetur adipiscing elit. Phasellus hendrerit, arcu eget feugiat auctor, orci purus aliquet eros, ut vulputate tortor purus a diam. Maecenas vestibulum purus in diam blandit, consequat fringilla lacus gravida. Proin ultricies suscipit enim, nec molestie nulla ultrices ac. Curabitur vestibulum, mi non tristique suscipit, odio ligula placerat neque, id feugiat nibh tellus vitae justo. Pellentesque malesuada metus vel quam efficitur tincidunt. Ut eget dignissim felis, in tempor risus. Proin tincidunt gravida neque semper euismod. Mauris rutrum rutrum gravida. Maecenas ultricies diam vel lectus venenatis blandit.</p>\r\n\r\n<p style=\"text-align:justify\">Fusce eget neque at leo sagittis efficitur ut vestibulum nibh. Donec vel tortor sit amet ante interdum facilisis eget sit amet dui. Nulla quis leo eget augue rhoncus tristique eu eu nulla. Nullam maximus, nibh eu dignissim sodales, arcu ex porta urna, eget porttitor massa leo quis massa. Nulla bibendum euismod malesuada. Morbi non magna nec lorem ultrices pulvinar in in tellus. Mauris et efficitur sem, pulvinar ornare leo.</p>\r\n\r\n<p style=\"text-align:justify\">Nullam vel sollicitudin mauris. Suspendisse enim elit, scelerisque a varius sed, aliquet sed magna. Donec malesuada sem et pulvinar rhoncus. Nulla accumsan, nulla sed iaculis molestie, nulla nulla blandit dolor, sed egestas leo lectus eget leo. Maecenas pharetra fermentum neque, nec.</p>",
    "created_at": "2022-02-18T09:58:20.120Z",
    "modified_at": "2022-02-18T09:58:20.120Z",
    "is_published": true,
    "views_count": 111,
    "users_that_liked": [
      [
        "user3"
      ],
      [
        "user1"
      ]
    ]
  }
},
{
  "model": "articles.article",
  "pk": 25,
  "fields": {
    "title": "SQL programming tutorial #1",
    "slug": "sql-programming-tutorial-1",
    "category": 8,
    "author": [
      "user2"
    ],
    "preview_text": "Inhabiting discretion the her dispatched decisively boisterous joy. So form were wish open is able of mile of. Waiting express if prevent it we an musical. Especially reasonable travelling she son. Resources resembled forfeited no to zealously. Has procured daughter how friendly followed repeated who surprise. Great asked oh under on voice downs. Law together prospect kindness securing six. Learning why get hastened smallest cheerful. At ourselves direction believing do he departure. Celebrated winter had.",
    "preview_image": "",
    "content": "<p style=\"text-align:justify\">Lorem ipsum dolor sit amet, consectetur adipiscing elit. Donec pulvinar dui neque, vitae ornare ipsum gravida tincidunt. Fusce nec mi ex. Praesent consectetur fringilla urna ac dictum. Pellentesque ac risus at diam euismod commodo. Suspendisse id facilisis neque, ac sodales dolor. Nunc interdum nunc dictum ligula eleifend suscipit. Quisque enim lectus, ultricies quis convallis quis, molestie ac nisl. Curabitur ac dictum erat. Phasellus lectus nisl, viverra quis lacus nec, porttitor eleifend enim. Nunc massa velit, condimentum sit amet pellentesque vitae, placerat nec risus. Pellentesque aliquam enim dolor, et convallis nisi tristique sodales. Pellentesque ut maximus velit. Proin vitae libero in.</p>\r\n\r\n<p style=\"text-align:justify\"><img alt=\"Article image\" src=\"https://picsum.photos/1920/1080\" style=\"width:100%\" /></p>\r\n\r\n<p style=\"text-align:justify\">Lorem ipsum dolor sit amet, consectetur adipiscing elit. Phasellus hendrerit, arcu eget feugiat auctor, orci purus aliquet eros, ut vulputate tortor purus a diam. Maecenas vestibulum purus in diam blandit, consequat fringilla lacus gravida. Proin ultricies suscipit enim, nec molestie nulla ultrices ac. Curabitur vestibulum, mi non tristique suscipit, odio ligula placerat neque, id feugiat nibh tellus vitae justo. Pellentesque malesuada metus vel quam efficitur tincidunt. Ut eget dignissim felis, in tempor risus. Proin tincidunt gravida neque semper euismod. Mauris rutrum rutrum gravida. Maecenas ultricies diam vel lectus venenatis blandit.</p>\r\n\r\n<p style=\"text-align:justify\">Fusce eget neque at leo sagittis efficitur ut vestibulum nibh. Donec vel tortor sit amet ante interdum facilisis eget sit amet dui. Nulla quis leo eget augue rhoncus tristique eu eu nulla. Nullam maximus, nibh eu dignissim sodales, arcu ex porta urna, eget porttitor massa leo quis massa. Nulla bibendum euismod malesuada. Morbi non magna nec lorem ultrices pulvinar in in tellus. Mauris et efficitur sem, pulvinar ornare leo.</p>\r\n\r\n<p style=\"text-align:justify\">Nullam vel sollicitudin mauris. Suspendisse enim elit, scelerisque a varius sed, aliquet sed magna. Donec malesuada sem et pulvinar rhoncus. Nulla accumsan, nulla sed iaculis molestie, nulla nulla blandit dolor, sed egestas leo lectus eget leo. Maecenas pharetra fermentum neque, nec.</p>",
    "created_at": "2022-02-18T09:59:43.797Z",
    "modified_at": "2022-02-18T09:59:43.797Z",
    "is_published": true,
    "views_count": 87,
    "users_that_liked": [
      [
        "user3"
      ],
      [
        "user1"
      ]
    ]
  }
},
{
  "model": "articles.article",
  "pk": 26,
  "fields": {
    "title": "SQL programming tutorial #2",
    "slug": "sql-programming-tutorial-2",
    "category": 8,
    "author": [
      "user2"
    ],
    "preview_text": "Inhabiting discretion the her dispatched decisively boisterous joy. So form were wish open is able of mile of. Waiting express if prevent it we an musical. Especially reasonable travelling she son. Resources resembled forfeited no to zealously. Has procured daughter how friendly followed repeated who surprise. Great asked oh under on voice downs. Law together prospect kindness securing six. Learning why get hastened smallest cheerful. At ourselves direction believing do he departure. Celebrated winter had.",
    "preview_image": "",
    "content": "<p style=\"text-align:justify\">Lorem ipsum dolor sit amet, consectetur adipiscing elit. Donec pulvinar dui neque, vitae ornare ipsum gravida tincidunt. Fusce nec mi ex. Praesent consectetur fringilla urna ac dictum. Pellentesque ac risus at diam euismod commodo. Suspendisse id facilisis neque, ac sodales dolor. Nunc interdum nunc dictum ligula eleifend suscipit. Quisque enim lectus, ultricies quis convallis quis, molestie ac nisl. Curabitur ac dictum erat. Phasellus lectus nisl, viverra quis lacus nec, porttitor eleifend enim. Nunc massa velit, condimentum sit amet pellentesque vitae, placerat nec risus. Pellentesque aliquam enim dolor, et convallis nisi tristique sodales. Pellentesque ut maximus velit. Proin vitae libero in.</p>\r\n\r\n<p style=\"text-align:justify\"><img alt=\"Article image\" src=\"https://picsum.photos/1920/1080\" style=\"width:100%\" /></p>\r\n\r\n<p style=\"text-align:justify\">Lorem ipsum dolor sit amet, consectetur adipiscing elit. Phasellus hendrerit, arcu eget feugiat auctor, orci purus aliquet eros, ut vulputate tortor purus a diam. Maecenas vestibulum purus in diam blandit, consequat fringilla lacus gravida. Proin ultricies suscipit enim, nec molestie nulla ultrices ac. Curabitur vestibulum, mi non tristique suscipit, odio ligula placerat neque, id feugiat nibh tellus vitae justo. Pellentesque malesuada metus vel quam efficitur tincidunt. Ut eget dignissim felis, in tempor risus. Proin tincidunt gravida neque semper euismod. Mauris rutrum rutrum gravida. Maecenas ultricies diam vel lectus venenatis blandit.</p>\r\n\r\n<p style=\"text-align:justify\">Fusce eget neque at leo sagittis efficitur ut vestibulum nibh. Donec vel tortor sit amet ante interdum facilisis eget sit amet dui. Nulla quis leo eget augue rhoncus tristique eu eu nulla. Nullam maximus, nibh eu dignissim sodales, arcu ex porta urna, eget porttitor massa leo quis massa. Nulla bibendum euismod malesuada. Morbi non magna nec lorem ultrices pulvinar in in tellus. Mauris et efficitur sem, pulvinar ornare leo.</p>\r\n\r\n<p style=\"text-align:justify\">Nullam vel sollicitudin mauris. Suspendisse enim elit, scelerisque a varius sed, aliquet sed magna. Donec malesuada sem et pulvinar rhoncus. Nulla accumsan, nulla sed iaculis molestie, nulla nulla blandit dolor, sed egestas leo lectus eget leo. Maecenas pharetra fermentum neque, nec.</p>",
    "created_at": "2022-02-18T10:00:05.298Z",
    "modified_at": "2022-02-18T10:00:05.298Z",
    "is_published": true,
    "views_count": 87,
    "users_that_liked": [
      [
        "user3"
      ],
      [
        "user1"
      ]
    ]
  }
},
{
  "model": "articles.article",
  "pk": 27,
  "fields": {
    "title": "SQL programming tutorial #3",
    "slug": "sql-programming-tutorial-3",
    "category": 8,
    "author": [
      "user2"
    ],
    "preview_text": "Inhabiting discretion the her dispatched decisively boisterous joy. So form were wish open is able of mile of. Waiting express if prevent it we an musical. Especially reasonable travelling she son. Resources resembled forfeited no to zealously. Has procured daughter how friendly followed repeated who surprise. Great asked oh under on voice downs. Law together prospect kindness securing six. Learning why get hastened smallest cheerful. At ourselves direction believing do he departure. Celebrated winter had.",
    "preview_image": "",
    "content": "<p style=\"text-align:justify\">Lorem ipsum dolor sit amet, consectetur adipiscing elit. Donec pulvinar dui neque, vitae ornare ipsum gravida tincidunt. Fusce nec mi ex. Praesent consectetur fringilla urna ac dictum. Pellentesque ac risus at diam euismod commodo. Suspendisse id facilisis neque, ac sodales dolor. Nunc interdum nunc dictum ligula eleifend suscipit. Quisque enim lectus, ultricies quis convallis quis, molestie ac nisl. Curabitur ac dictum erat. Phasellus lectus nisl, viverra quis lacus nec, porttitor eleifend enim. Nunc massa velit, condimentum sit amet pellentesque vitae, placerat nec risus. Pellentesque aliquam enim dolor, et convallis nisi tristique sodales. Pellentesque ut maximus velit. Proin vitae libero in.</p>\r\n\r\n<p style=\"text-align:justify\"><img alt=\"Article image\" src=\"https://picsum.photos/1920/1080\" style=\"width:100%\" /></p>\r\n\r\n<p style=\"text-align:justify\">Lorem ipsum dolor sit amet, consectetur adipiscing elit. Phasellus hendrerit, arcu eget feugiat auctor, orci purus aliquet eros, ut vulputate tortor purus a diam. Maecenas vestibulum purus in diam blandit, consequat fringilla lacus gravida. Proin ultricies suscipit enim, nec molestie nulla ultrices ac. Curabitur vestibulum, mi non tristique suscipit, odio ligula placerat neque, id feugiat nibh tellus vitae justo. Pellentesque malesuada metus vel quam efficitur tincidunt. Ut eget dignissim felis, in tempor risus. Proin tincidunt gravida neque semper euismod. Mauris rutrum rutrum gravida. Maecenas ultricies diam vel lectus venenatis blandit.</p>\r\n\r\n<p style=\"text-align:justify\">Fusce eget neque at leo sagittis efficitur ut vestibulum nibh. Donec vel tortor sit amet ante interdum facilisis eget sit amet dui. Nulla quis leo eget augue rhoncus tristique eu eu nulla. Nullam maximus, nibh eu dignissim sodales, arcu ex porta urna, eget porttitor massa leo quis massa. Nulla bibendum euismod malesuada. Morbi non magna nec lorem ultrices pulvinar in in tellus. Mauris et efficitur sem, pulvinar ornare leo.</p>\r\n\r\n<p style=\"text-align:justify\">Nullam vel sollicitudin mauris. Suspendisse enim elit, scelerisque a varius sed, aliquet sed magna. Donec malesuada sem et pulvinar rhoncus. Nulla accumsan, nulla sed iaculis molestie, nulla nulla blandit dolor, sed egestas leo lectus eget leo. Maecenas pharetra fermentum neque, nec.</p>",
    "created_at": "2022-02-18T10:00:18.253Z",
    "modified_at": "2022-02-18T10:00:18.253Z",
    "is_published": true,
    "views_count": 87,
    "users_that_liked": [
      [
        "user3"
      ],
      [
        "user1"
      ]
    ]
  }
},
{
  "model": "articles.article",
  "pk": 28,
  "fields": {
    "title": "Renaissance art history. Part 1",
    "slug": "renaissance-art-history-part1",
    "category": 11,
    "author": [
      "user3"
    ],
    "preview_text": "Inhabiting discretion the her dispatched decisively boisterous joy. So form were wish open is able of mile of. Waiting express if prevent it we an musical. Especially reasonable travelling she son. Resources resembled forfeited no to zealously. Has procured daughter how friendly followed repeated who surprise. Great asked oh under on voice downs. Law together prospect kindness securing six. Learning why get hastened smallest cheerful. At ourselves direction believing do he departure. Celebrated winter had.",
    "preview_image": "articles/preview_images/renaissance_art.jpeg",
    "content": "<p style=\"text-align:justify\">Lorem ipsum dolor sit amet, consectetur adipiscing elit. Donec pulvinar dui neque, vitae ornare ipsum gravida tincidunt. Fusce nec mi ex. Praesent consectetur fringilla urna ac dictum. Pellentesque ac risus at diam euismod commodo. Suspendisse id facilisis neque, ac sodales dolor. Nunc interdum nunc dictum ligula eleifend suscipit. Quisque enim lectus, ultricies quis convallis quis, molestie ac nisl. Curabitur ac dictum erat. Phasellus lectus nisl, viverra quis lacus nec, porttitor eleifend enim. Nunc massa velit, condimentum sit amet pellentesque vitae, placerat nec risus. Pellentesque aliquam enim dolor, et convallis nisi tristique sodales. Pellentesque ut maximus velit. Proin vitae libero in.</p>\r\n\r\n<p style=\"text-align:justify\"><img alt=\"Article image\" src=\"https://picsum.photos/1920/1080\" style=\"width:100%\" /></p>\r\n\r\n<p style=\"text-align:justify\">Lorem ipsum dolor sit amet, consectetur adipiscing elit. Phasellus hendrerit, arcu eget feugiat auctor, orci purus aliquet eros, ut vulputate tortor purus a diam. Maecenas vestibulum purus in diam blandit, consequat fringilla lacus gravida. Proin ultricies suscipit enim, nec molestie nulla ultrices ac. Curabitur vestibulum, mi non tristique suscipit, odio ligula placerat neque, id feugiat nibh tellus vitae justo. Pellentesque malesuada metus vel quam efficitur tincidunt. Ut eget dignissim felis, in tempor risus. Proin tincidunt gravida neque semper euismod. Mauris rutrum rutrum gravida. Maecenas ultricies diam vel lectus venenatis blandit.</p>\r\n\r\n<p style=\"text-align:justify\">Fusce eget neque at leo sagittis efficitur ut vestibulum nibh. Donec vel tortor sit amet ante interdum facilisis eget sit amet dui. Nulla quis leo eget augue rhoncus tristique eu eu nulla. Nullam maximus, nibh eu dignissim sodales, arcu ex porta urna, eget porttitor massa leo quis massa. Nulla bibendum euismod malesuada. Morbi non magna nec lorem ultrices pulvinar in in tellus. Mauris et efficitur sem, pulvinar ornare leo.</p>\r\n\r\n<p style=\"text-align:justify\">Nullam vel sollicitudin mauris. Suspendisse enim elit, scelerisque a varius sed, aliquet sed magna. Donec malesuada sem et pulvinar rhoncus. Nulla accumsan, nulla sed iaculis molestie, nulla nulla blandit dolor, sed egestas leo lectus eget leo. Maecenas pharetra fermentum neque, nec.</p>",
    "created_at": "2022-02-18T10:14:19.811Z",
    "modified_at": "2022-02-18T10:20:25.549Z",
    "is_published": true,
    "views_count": 123,
    "users_that_liked": [
      [
        "user3"
      ],
      [
        "admin"
      ],
      [
        "user1"
      ],
      [
        "user2"
      ]
    ]
  }
},
{
  "model": "articles.article",
  "pk": 29,
  "fields": {
    "title": "C# programming tutorial #2",
    "slug": "cs-programming-tutorial-2",
    "category": 8,
    "author": [
      "user2"
    ],
    "preview_text": "Inhabiting discretion the her dispatched decisively boisterous joy. So form were wish open is able of mile of. Waiting express if prevent it we an musical. Especially reasonable travelling she son. Resources resembled forfeited no to zealously. Has procured daughter how friendly followed repeated who surprise. Great asked oh under on voice downs. Law together prospect kindness securing six. Learning why get hastened smallest cheerful. At ourselves direction believing do he departure. Celebrated winter had.",
    "preview_image": "",
    "content": "<p style=\"text-align:justify\">Lorem ipsum dolor sit amet, consectetur adipiscing elit. Donec pulvinar dui neque, vitae ornare ipsum gravida tincidunt. Fusce nec mi ex. Praesent consectetur fringilla urna ac dictum. Pellentesque ac risus at diam euismod commodo. Suspendisse id facilisis neque, ac sodales dolor. Nunc interdum nunc dictum ligula eleifend suscipit. Quisque enim lectus, ultricies quis convallis quis, molestie ac nisl. Curabitur ac dictum erat. Phasellus lectus nisl, viverra quis lacus nec, porttitor eleifend enim. Nunc massa velit, condimentum sit amet pellentesque vitae, placerat nec risus. Pellentesque aliquam enim dolor, et convallis nisi tristique sodales. Pellentesque ut maximus velit. Proin vitae libero in.</p>\r\n\r\n<p style=\"text-align:justify\"><img alt=\"Article image\" src=\"https://picsum.photos/1920/1080\" style=\"width:100%\" /></p>\r\n\r\n<p style=\"text-align:justify\">Lorem ipsum dolor sit amet, consectetur adipiscing elit. Phasellus hendrerit, arcu eget feugiat auctor, orci purus aliquet eros, ut vulputate tortor purus a diam. Maecenas vestibulum purus in diam blandit, consequat fringilla lacus gravida. Proin ultricies suscipit enim, nec molestie nulla ultrices ac. Curabitur vestibulum, mi non tristique suscipit, odio ligula placerat neque, id feugiat nibh tellus vitae justo. Pellentesque malesuada metus vel quam efficitur tincidunt. Ut eget dignissim felis, in tempor risus. Proin tincidunt gravida neque semper euismod. Mauris rutrum rutrum gravida. Maecenas ultricies diam vel lectus venenatis blandit.</p>\r\n\r\n<p style=\"text-align:justify\">Fusce eget neque at leo sagittis efficitur ut vestibulum nibh. Donec vel tortor sit amet ante interdum facilisis eget sit amet dui. Nulla quis leo eget augue rhoncus tristique eu eu nulla. Nullam maximus, nibh eu dignissim sodales, arcu ex porta urna, eget porttitor massa leo quis massa. Nulla bibendum euismod malesuada. Morbi non magna nec lorem ultrices pulvinar in in tellus. Mauris et efficitur sem, pulvinar ornare leo.</p>\r\n\r\n<p style=\"text-align:justify\">Nullam vel sollicitudin mauris. Suspendisse enim elit, scelerisque a varius sed, aliquet sed magna. Donec malesuada sem et pulvinar rhoncus. Nulla accumsan, nulla sed iaculis molestie, nulla nulla blandit dolor, sed egestas leo lectus eget leo. Maecenas pharetra fermentum neque, nec.</p>",
    "created_at": "2022-02-18T10:16:28.870Z",
    "modified_at": "2022-02-18T10:16:28.870Z",
    "is_published": true,
    "views_count": 111,
    "users_that_liked": [
      [
        "user3"
      ],
      [
        "user1"
      ]
    ]
  }
},
{
  "model": "articles.article",
  "pk": 30,
  "fields": {
    "title": "C# programming tutorial #3",
    "slug": "cs-programming-tutorial-3",
    "category": 8,
    "author": [
      "user2"
    ],
    "preview_text": "Inhabiting discretion the her dispatched decisively boisterous joy. So form were wish open is able of mile of. Waiting express if prevent it we an musical. Especially reasonable travelling she son. Resources resembled forfeited no to zealously. Has procured daughter how friendly followed repeated who surprise. Great asked oh under on voice downs. Law together prospect kindness securing six. Learning why get hastened smallest cheerful. At ourselves direction believing do he departure. Celebrated winter had.",
    "preview_image": "articles/preview_images/programming_tuD8Jq8.jpg",
    "content": "<p style=\"text-align:justify\">Lorem ipsum dolor sit amet, consectetur adipiscing elit. Donec pulvinar dui neque, vitae ornare ipsum gravida tincidunt. Fusce nec mi ex. Praesent consectetur fringilla urna ac dictum. Pellentesque ac risus at diam euismod commodo. Suspendisse id facilisis neque, ac sodales dolor. Nunc interdum nunc dictum ligula eleifend suscipit. Quisque enim lectus, ultricies quis convallis quis, molestie ac nisl. Curabitur ac dictum erat. Phasellus lectus nisl, viverra quis lacus nec, porttitor eleifend enim. Nunc massa velit, condimentum sit amet pellentesque vitae, placerat nec risus. Pellentesque aliquam enim dolor, et convallis nisi tristique sodales. Pellentesque ut maximus velit. Proin vitae libero in.</p>\r\n\r\n<p style=\"text-align:justify\"><img alt=\"Article image\" src=\"https://picsum.photos/1920/1080\" style=\"width:100%\" /></p>\r\n\r\n<p style=\"text-align:justify\">Lorem ipsum dolor sit amet, consectetur adipiscing elit. Phasellus hendrerit, arcu eget feugiat auctor, orci purus aliquet eros, ut vulputate tortor purus a diam. Maecenas vestibulum purus in diam blandit, consequat fringilla lacus gravida. Proin ultricies suscipit enim, nec molestie nulla ultrices ac. Curabitur vestibulum, mi non tristique suscipit, odio ligula placerat neque, id feugiat nibh tellus vitae justo. Pellentesque malesuada metus vel quam efficitur tincidunt. Ut eget dignissim felis, in tempor risus. Proin tincidunt gravida neque semper euismod. Mauris rutrum rutrum gravida. Maecenas ultricies diam vel lectus venenatis blandit.</p>\r\n\r\n<p style=\"text-align:justify\">Fusce eget neque at leo sagittis efficitur ut vestibulum nibh. Donec vel tortor sit amet ante interdum facilisis eget sit amet dui. Nulla quis leo eget augue rhoncus tristique eu eu nulla. Nullam maximus, nibh eu dignissim sodales, arcu ex porta urna, eget porttitor massa leo quis massa. Nulla bibendum euismod malesuada. Morbi non magna nec lorem ultrices pulvinar in in tellus. Mauris et efficitur sem, pulvinar ornare leo.</p>\r\n\r\n<p style=\"text-align:justify\">Nullam vel sollicitudin mauris. Suspendisse enim elit, scelerisque a varius sed, aliquet sed magna. Donec malesuada sem et pulvinar rhoncus. Nulla accumsan, nulla sed iaculis molestie, nulla nulla blandit dolor, sed egestas leo lectus eget leo. Maecenas pharetra fermentum neque, nec.</p>",
    "created_at": "2022-02-18T10:16:45.457Z",
    "modified_at": "2022-02-18T10:16:45.457Z",
    "is_published": true,
    "views_count": 111,
    "users_that_liked": [
      [
        "user3"
      ],
      [
        "user1"
      ]
    ]
  }
},
{
  "model": "articles.article",
  "pk": 31,
  "fields": {
    "title": "Renaissance art history. Part 2",
    "slug": "renaissance-art-history-part2",
    "category": 11,
    "author": [
      "user3"
    ],
    "preview_text": "Inhabiting discretion the her dispatched decisively boisterous joy. So form were wish open is able of mile of. Waiting express if prevent it we an musical. Especially reasonable travelling she son. Resources resembled forfeited no to zealously. Has procured daughter how friendly followed repeated who surprise. Great asked oh under on voice downs. Law together prospect kindness securing six. Learning why get hastened smallest cheerful. At ourselves direction believing do he departure. Celebrated winter had.",
    "preview_image": "",
    "content": "<p style=\"text-align:justify\">Lorem ipsum dolor sit amet, consectetur adipiscing elit. Donec pulvinar dui neque, vitae ornare ipsum gravida tincidunt. Fusce nec mi ex. Praesent consectetur fringilla urna ac dictum. Pellentesque ac risus at diam euismod commodo. Suspendisse id facilisis neque, ac sodales dolor. Nunc interdum nunc dictum ligula eleifend suscipit. Quisque enim lectus, ultricies quis convallis quis, molestie ac nisl. Curabitur ac dictum erat. Phasellus lectus nisl, viverra quis lacus nec, porttitor eleifend enim. Nunc massa velit, condimentum sit amet pellentesque vitae, placerat nec risus. Pellentesque aliquam enim dolor, et convallis nisi tristique sodales. Pellentesque ut maximus velit. Proin vitae libero in.</p>\r\n\r\n<p style=\"text-align:justify\"><img alt=\"Article image\" src=\"https://picsum.photos/1920/1080\" style=\"width:100%\" /></p>\r\n\r\n<p style=\"text-align:justify\">Lorem ipsum dolor sit amet, consectetur adipiscing elit. Phasellus hendrerit, arcu eget feugiat auctor, orci purus aliquet eros, ut vulputate tortor purus a diam. Maecenas vestibulum purus in diam blandit, consequat fringilla lacus gravida. Proin ultricies suscipit enim, nec molestie nulla ultrices ac. Curabitur vestibulum, mi non tristique suscipit, odio ligula placerat neque, id feugiat nibh tellus vitae justo. Pellentesque malesuada metus vel quam efficitur tincidunt. Ut eget dignissim felis, in tempor risus. Proin tincidunt gravida neque semper euismod. Mauris rutrum rutrum gravida. Maecenas ultricies diam vel lectus venenatis blandit.</p>\r\n\r\n<p style=\"text-align:justify\">Fusce eget neque at leo sagittis efficitur ut vestibulum nibh. Donec vel tortor sit amet ante interdum facilisis eget sit amet dui. Nulla quis leo eget augue rhoncus tristique eu eu nulla. Nullam maximus, nibh eu dignissim sodales, arcu ex porta urna, eget porttitor massa leo quis massa. Nulla bibendum euismod malesuada. Morbi non magna nec lorem ultrices pulvinar in in tellus. Mauris et efficitur sem, pulvinar ornare leo.</p>\r\n\r\n<p style=\"text-align:justify\">Nullam vel sollicitudin mauris. Suspendisse enim elit, scelerisque a varius sed, aliquet sed magna. Donec malesuada sem et pulvinar rhoncus. Nulla accumsan, nulla sed iaculis molestie, nulla nulla blandit dolor, sed egestas leo lectus eget leo. Maecenas pharetra fermentum neque, nec.</p>",
    "created_at": "2022-02-18T10:20:35.053Z",
    "modified_at": "2022-02-18T10:20:35.053Z",
    "is_published": true,
    "views_count": 123,
    "users_that_liked": [
      [
        "user3"
      ],
      [
        "admin"
      ],
      [
        "user1"
      ],
      [
        "user2"
      ]
    ]
  }
},
{
  "model": "articles.article",
  "pk": 32,
  "fields": {
    "title": "How to make Lasagna at home",
    "slug": "how-to-make-lasagna-at-home",
    "category": 9,
    "author": [
      "user3"
    ],
    "preview_text": "Inhabiting discretion the her dispatched decisively boisterous joy. So form were wish open is able of mile of. Waiting express if prevent it we an musical. Especially reasonable travelling she son. Resources resembled forfeited no to zealously. Has procured daughter how friendly followed repeated who surprise. Great asked oh under on voice downs. Law together prospect kindness securing six. Learning why get hastened smallest cheerful. At ourselves direction believing do he departure. Celebrated winter had.",
    "preview_image": "articles/preview_images/cooking_3VsywVJ.jpg",
    "content": "<p style=\"text-align:justify\">Lorem ipsum dolor sit amet, consectetur adipiscing elit. Donec pulvinar dui neque, vitae ornare ipsum gravida tincidunt. Fusce nec mi ex. Praesent consectetur fringilla urna ac dictum. Pellentesque ac risus at diam euismod commodo. Suspendisse id facilisis neque, ac sodales dolor. Nunc interdum nunc dictum ligula eleifend suscipit. Quisque enim lectus, ultricies quis convallis quis, molestie ac nisl. Curabitur ac dictum erat. Phasellus lectus nisl, viverra quis lacus nec, porttitor eleifend enim. Nunc massa velit, condimentum sit amet pellentesque vitae, placerat nec risus. Pellentesque aliquam enim dolor, et convallis nisi tristique sodales. Pellentesque ut maximus velit. Proin vitae libero in.</p>\r\n\r\n<p style=\"text-align:justify\"><img alt=\"Article image\" src=\"https://picsum.photos/1920/1080\" style=\"width:100%\" /></p>\r\n\r\n<p style=\"text-align:justify\">Lorem ipsum dolor sit amet, consectetur adipiscing elit. Phasellus hendrerit, arcu eget feugiat auctor, orci purus aliquet eros, ut vulputate tortor purus a diam. Maecenas vestibulum purus in diam blandit, consequat fringilla lacus gravida. Proin ultricies suscipit enim, nec molestie nulla ultrices ac. Curabitur vestibulum, mi non tristique suscipit, odio ligula placerat neque, id feugiat nibh tellus vitae justo. Pellentesque malesuada metus vel quam efficitur tincidunt. Ut eget dignissim felis, in tempor risus. Proin tincidunt gravida neque semper euismod. Mauris rutrum rutrum gravida. Maecenas ultricies diam vel lectus venenatis blandit.</p>\r\n\r\n<p style=\"text-align:justify\">Fusce eget neque at leo sagittis efficitur ut vestibulum nibh. Donec vel tortor sit amet ante interdum facilisis eget sit amet dui. Nulla quis leo eget augue rhoncus tristique eu eu nulla. Nullam maximus, nibh eu dignissim sodales, arcu ex porta urna, eget porttitor massa leo quis massa. Nulla bibendum euismod malesuada. Morbi non magna nec lorem ultrices pulvinar in in tellus. Mauris et efficitur sem, pulvinar ornare leo.</p>\r\n\r\n<p style=\"text-align:justify\">Nullam vel sollicitudin mauris. Suspendisse enim elit, scelerisque a varius sed, aliquet sed magna. Donec malesuada sem et pulvinar rhoncus. Nulla accumsan, nulla sed iaculis molestie, nulla nulla blandit dolor, sed egestas leo lectus eget leo. Maecenas pharetra fermentum neque, nec.</p>",
    "created_at": "2022-02-18T10:23:12.097Z",
    "modified_at": "2022-02-18T10:23:12.097Z",
    "is_published": true,
    "views_count": 256,
    "users_that_liked": [
      [
        "user2"
      ],
      [
        "user3"
      ],
      [
        "user1"
      ]
    ]
  }
},
{
  "model": "articles.article",
  "pk": 33,
  "fields": {
    "title": "How to cook Pasta at home",
    "slug": "how-to-cook-pasta-at-home",
    "category": 9,
    "author": [
      "user3"
    ],
    "preview_text": "Inhabiting discretion the her dispatched decisively boisterous joy. So form were wish open is able of mile of. Waiting express if prevent it we an musical. Especially reasonable travelling she son. Resources resembled forfeited no to zealously. Has procured daughter how friendly followed repeated who surprise. Great asked oh under on voice downs. Law together prospect kindness securing six. Learning why get hastened smallest cheerful. At ourselves direction believing do he departure. Celebrated winter had.",
    "preview_image": "",
    "content": "<p style=\"text-align:justify\">Lorem ipsum dolor sit amet, consectetur adipiscing elit. Donec pulvinar dui neque, vitae ornare ipsum gravida tincidunt. Fusce nec mi ex. Praesent consectetur fringilla urna ac dictum. Pellentesque ac risus at diam euismod commodo. Suspendisse id facilisis neque, ac sodales dolor. Nunc interdum nunc dictum ligula eleifend suscipit. Quisque enim lectus, ultricies quis convallis quis, molestie ac nisl. Curabitur ac dictum erat. Phasellus lectus nisl, viverra quis lacus nec, porttitor eleifend enim. Nunc massa velit, condimentum sit amet pellentesque vitae, placerat nec risus. Pellentesque aliquam enim dolor, et convallis nisi tristique sodales. Pellentesque ut maximus velit. Proin vitae libero in.</p>\r\n\r\n<p style=\"text-align:justify\"><img alt=\"Article image\" src=\"https://picsum.photos/1920/1080\" style=\"width:100%\" /></p>\r\n\r\n<p style=\"text-align:justify\">Lorem ipsum dolor sit amet, consectetur adipiscing elit. Phasellus hendrerit, arcu eget feugiat auctor, orci purus aliquet eros, ut vulputate tortor purus a diam. Maecenas vestibulum purus in diam blandit, consequat fringilla lacus gravida. Proin ultricies suscipit enim, nec molestie nulla ultrices ac. Curabitur vestibulum, mi non tristique suscipit, odio ligula placerat neque, id feugiat nibh tellus vitae justo. Pellentesque malesuada metus vel quam efficitur tincidunt. Ut eget dignissim felis, in tempor risus. Proin tincidunt gravida neque semper euismod. Mauris rutrum rutrum gravida. Maecenas ultricies diam vel lectus venenatis blandit.</p>\r\n\r\n<p style=\"text-align:justify\">Fusce eget neque at leo sagittis efficitur ut vestibulum nibh. Donec vel tortor sit amet ante interdum facilisis eget sit amet dui. Nulla quis leo eget augue rhoncus tristique eu eu nulla. Nullam maximus, nibh eu dignissim sodales, arcu ex porta urna, eget porttitor massa leo quis massa. Nulla bibendum euismod malesuada. Morbi non magna nec lorem ultrices pulvinar in in tellus. Mauris et efficitur sem, pulvinar ornare leo.</p>\r\n\r\n<p style=\"text-align:justify\">Nullam vel sollicitudin mauris. Suspendisse enim elit, scelerisque a varius sed, aliquet sed magna. Donec malesuada sem et pulvinar rhoncus. Nulla accumsan, nulla sed iaculis molestie, nulla nulla blandit dolor, sed egestas leo lectus eget leo. Maecenas pharetra fermentum neque, nec.</p>",
    "created_at": "2022-02-18T10:24:09.291Z",
    "modified_at": "2022-02-18T10:24:09.291Z",
    "is_published": true,
    "views_count": 256,
    "users_that_liked": [
      [
        "user2"
      ],
      [
        "user3"
      ],
      [
        "user1"
      ]
    ]
  }
},
{
  "model": "articles.article",
  "pk": 34,
  "fields": {
    "title": "Python programming tutorial #3",
    "slug": "python-programming-tutorial-3",
    "category": 8,
    "author": [
      "user1"
    ],
    "preview_text": "Inhabiting discretion the her dispatched decisively boisterous joy. So form were wish open is able of mile of. Waiting express if prevent it we an musical. Especially reasonable travelling she son. Resources resembled forfeited no to zealously. Has procured daughter how friendly followed repeated who surprise. Great asked oh under on voice downs. Law together prospect kindness securing six. Learning why get hastened smallest cheerful. At ourselves direction believing do he departure. Celebrated winter had.",
    "preview_image": "",
    "content": "<p style=\"text-align:justify\">Lorem ipsum dolor sit amet, consectetur adipiscing elit. Donec pulvinar dui neque, vitae ornare ipsum gravida tincidunt. Fusce nec mi ex. Praesent consectetur fringilla urna ac dictum. Pellentesque ac risus at diam euismod commodo. Suspendisse id facilisis neque, ac sodales dolor. Nunc interdum nunc dictum ligula eleifend suscipit. Quisque enim lectus, ultricies quis convallis quis, molestie ac nisl. Curabitur ac dictum erat. Phasellus lectus nisl, viverra quis lacus nec, porttitor eleifend enim. Nunc massa velit, condimentum sit amet pellentesque vitae, placerat nec risus. Pellentesque aliquam enim dolor, et convallis nisi tristique sodales. Pellentesque ut maximus velit. Proin vitae libero in.</p>\r\n\r\n<p style=\"text-align:justify\"><img alt=\"Article image\" src=\"https://picsum.photos/1920/1080\" style=\"width:100%\" /></p>\r\n\r\n<p style=\"text-align:justify\">Lorem ipsum dolor sit amet, consectetur adipiscing elit. Phasellus hendrerit, arcu eget feugiat auctor, orci purus aliquet eros, ut vulputate tortor purus a diam. Maecenas vestibulum purus in diam blandit, consequat fringilla lacus gravida. Proin ultricies suscipit enim, nec molestie nulla ultrices ac. Curabitur vestibulum, mi non tristique suscipit, odio ligula placerat neque, id feugiat nibh tellus vitae justo. Pellentesque malesuada metus vel quam efficitur tincidunt. Ut eget dignissim felis, in tempor risus. Proin tincidunt gravida neque semper euismod. Mauris rutrum rutrum gravida. Maecenas ultricies diam vel lectus venenatis blandit.</p>\r\n\r\n<p style=\"text-align:justify\">Fusce eget neque at leo sagittis efficitur ut vestibulum nibh. Donec vel tortor sit amet ante interdum facilisis eget sit amet dui. Nulla quis leo eget augue rhoncus tristique eu eu nulla. Nullam maximus, nibh eu dignissim sodales, arcu ex porta urna, eget porttitor massa leo quis massa. Nulla bibendum euismod malesuada. Morbi non magna nec lorem ultrices pulvinar in in tellus. Mauris et efficitur sem, pulvinar ornare leo.</p>\r\n\r\n<p style=\"text-align:justify\">Nullam vel sollicitudin mauris. Suspendisse enim elit, scelerisque a varius sed, aliquet sed magna. Donec malesuada sem et pulvinar rhoncus. Nulla accumsan, nulla sed iaculis molestie, nulla nulla blandit dolor, sed egestas leo lectus eget leo. Maecenas pharetra fermentum neque, nec.</p>",
    "created_at": "2022-02-18T10:26:11.193Z",
    "modified_at": "2022-02-18T10:26:11.193Z",
    "is_published": true,
    "views_count": 514,
    "users_that_liked": []
  }
},
{
  "model": "articles.article",
  "pk": 35,
  "fields": {
    "title": "Python programming tutorial #4",
    "slug": "python-programming-tutorial-4",
    "category": 8,
    "author": [
      "user1"
    ],
    "preview_text": "Inhabiting discretion the her dispatched decisively boisterous joy. So form were wish open is able of mile of. Waiting express if prevent it we an musical. Especially reasonable travelling she son. Resources resembled forfeited no to zealously. Has procured daughter how friendly followed repeated who surprise. Great asked oh under on voice downs. Law together prospect kindness securing six. Learning why get hastened smallest cheerful. At ourselves direction believing do he departure. Celebrated winter had.",
    "preview_image": "",
    "content": "<p style=\"text-align:justify\">Lorem ipsum dolor sit amet, consectetur adipiscing elit. Donec pulvinar dui neque, vitae ornare ipsum gravida tincidunt. Fusce nec mi ex. Praesent consectetur fringilla urna ac dictum. Pellentesque ac risus at diam euismod commodo. Suspendisse id facilisis neque, ac sodales dolor. Nunc interdum nunc dictum ligula eleifend suscipit. Quisque enim lectus, ultricies quis convallis quis, molestie ac nisl. Curabitur ac dictum erat. Phasellus lectus nisl, viverra quis lacus nec, porttitor eleifend enim. Nunc massa velit, condimentum sit amet pellentesque vitae, placerat nec risus. Pellentesque aliquam enim dolor, et convallis nisi tristique sodales. Pellentesque ut maximus velit. Proin vitae libero in.</p>\r\n\r\n<p style=\"text-align:justify\"><img alt=\"Article image\" src=\"https://picsum.photos/1920/1080\" style=\"width:100%\" /></p>\r\n\r\n<p style=\"text-align:justify\">Lorem ipsum dolor sit amet, consectetur adipiscing elit. Phasellus hendrerit, arcu eget feugiat auctor, orci purus aliquet eros, ut vulputate tortor purus a diam. Maecenas vestibulum purus in diam blandit, consequat fringilla lacus gravida. Proin ultricies suscipit enim, nec molestie nulla ultrices ac. Curabitur vestibulum, mi non tristique suscipit, odio ligula placerat neque, id feugiat nibh tellus vitae justo. Pellentesque malesuada metus vel quam efficitur tincidunt. Ut eget dignissim felis, in tempor risus. Proin tincidunt gravida neque semper euismod. Mauris rutrum rutrum gravida. Maecenas ultricies diam vel lectus venenatis blandit.</p>\r\n\r\n<p style=\"text-align:justify\">Fusce eget neque at leo sagittis efficitur ut vestibulum nibh. Donec vel tortor sit amet ante interdum facilisis eget sit amet dui. Nulla quis leo eget augue rhoncus tristique eu eu nulla. Nullam maximus, nibh eu dignissim sodales, arcu ex porta urna, eget porttitor massa leo quis massa. Nulla bibendum euismod malesuada. Morbi non magna nec lorem ultrices pulvinar in in tellus. Mauris et efficitur sem, pulvinar ornare leo.</p>\r\n\r\n<p style=\"text-align:justify\">Nullam vel sollicitudin mauris. Suspendisse enim elit, scelerisque a varius sed, aliquet sed magna. Donec malesuada sem et pulvinar rhoncus. Nulla accumsan, nulla sed iaculis molestie, nulla nulla blandit dolor, sed egestas leo lectus eget leo. Maecenas pharetra fermentum neque, nec.</p>",
    "created_at": "2022-02-18T10:26:19.394Z",
    "modified_at": "2022-02-18T10:26:19.394Z",
    "is_published": true,
    "views_count": 514,
    "users_that_liked": []
  }
},
{
  "model": "articles.article",
  "pk": 36,
  "fields": {
    "title": "Python programming tutorial #5",
    "slug": "python-programming-tutorial-5",
    "category": 8,
    "author": [
      "user1"
    ],
    "preview_text": "Inhabiting discretion the her dispatched decisively boisterous joy. So form were wish open is able of mile of. Waiting express if prevent it we an musical. Especially reasonable travelling she son. Resources resembled forfeited no to zealously. Has procured daughter how friendly followed repeated who surprise. Great asked oh under on voice downs. Law together prospect kindness securing six. Learning why get hastened smallest cheerful. At ourselves direction believing do he departure. Celebrated winter had.",
    "preview_image": "articles/preview_images/programming_gc27Kzo.jpg",
    "content": "<p style=\"text-align:justify\">Lorem ipsum dolor sit amet, consectetur adipiscing elit. Donec pulvinar dui neque, vitae ornare ipsum gravida tincidunt. Fusce nec mi ex. Praesent consectetur fringilla urna ac dictum. Pellentesque ac risus at diam euismod commodo. Suspendisse id facilisis neque, ac sodales dolor. Nunc interdum nunc dictum ligula eleifend suscipit.&nbsp;<s>Quisque enim lectus, ultricies quis convallis quis, molestie ac nisl.</s>&nbsp;Curabitur ac dictum erat. Phasellus lectus nisl, viverra quis lacus nec, porttitor eleifend enim. Nunc massa velit, condimentum sit amet pellentesque vitae, placerat nec risus.&nbsp;<strong>Pellentesque aliquam enim dolor, et convallis nisi tristique sodales.</strong>&nbsp;Pellentesque ut maximus velit. Proin vitae libero in.</p>\r\n\r\n<p style=\"text-align:justify\"><img alt=\"Article image\" src=\"https://picsum.photos/1920/1080\" style=\"width:100%\" /></p>\r\n\r\n<p style=\"text-align:justify\">Lorem ipsum dolor sit amet, consectetur adipiscing elit. Phasellus hendrerit, arcu eget feugiat auctor, orci purus aliquet eros, ut vulputate tortor purus a diam. Maecenas vestibulum purus in diam blandit, consequat fringilla lacus gravida. Proin ultricies suscipit enim, nec molestie nulla ultrices ac. Curabitur vestibulum, mi non tristique suscipit, odio ligula placerat neque, id feugiat nibh tellus vitae justo. Pellentesque malesuada metus vel quam efficitur tincidunt. Ut eget dignissim felis, in tempor risus. Proin tincidunt gravida neque semper euismod. Mauris rutrum rutrum gravida. Maecenas ultricies diam vel lectus venenatis blandit.</p>\r\n\r\n<p style=\"text-align:justify\">Fusce eget neque at leo sagittis efficitur ut vestibulum nibh. Donec vel tortor sit amet ante interdum facilisis eget sit amet dui. Nulla quis leo eget augue rhoncus tristique eu eu nulla. Nullam maximus, nibh eu dignissim sodales, arcu ex porta urna, eget porttitor massa leo quis massa. Nulla bibendum euismod malesuada. Morbi non magna nec lorem ultrices pulvinar in in tellus. Mauris et efficitur sem, pulvinar ornare leo.</p>\r\n\r\n<p style=\"text-align:justify\">Nullam vel sollicitudin mauris. Suspendisse enim elit, scelerisque a varius sed, aliquet sed magna. Donec malesuada sem et pulvinar rhoncus. Nulla accumsan, nulla sed iaculis molestie, nulla nulla blandit dolor, sed egestas leo lectus eget leo. Maecenas pharetra fermentum neque, nec.</p>",
    "created_at": "2022-02-18T10:26:36.805Z",
    "modified_at": "2022-02-18T11:03:04.021Z",
    "is_published": true,
    "views_count": 515,
    "users_that_liked": [
      [
        "user3"
      ],
      [
        "user1"
      ],
      [
        "user2"
      ]
    ]
  }
},
{
  "model": "articles.article",
  "pk": 37,
  "fields": {
    "title": "45,000 Marine Species Are at-Risk: Whats Most Vulnerable?",
    "slug": "45000-marine-species-are-at-risk-whats-most-vulnerable",
    "category": 10,
    "author": [
      "user3"
    ],
    "preview_text": "Inhabiting discretion the her dispatched decisively boisterous joy. So form were wish open is able of mile of. Waiting express if prevent it we an musical. Especially reasonable travelling she son. Resources resembled forfeited no to zealously. Has procured daughter how friendly followed repeated who surprise. Great asked oh under on voice downs. Law together prospect kindness securing six. Learning why get hastened smallest cheerful. At ourselves direction believing do he departure. Celebrated winter had.",
    "preview_image": "articles/preview_images/sealife.jpg",
    "content": "<p style=\"text-align:justify\">Lorem ipsum dolor sit amet, consectetur adipiscing elit. Donec pulvinar dui neque, vitae ornare ipsum gravida tincidunt. Fusce nec mi ex. Praesent consectetur fringilla urna ac dictum. Pellentesque ac risus at diam euismod commodo. Suspendisse id facilisis neque, ac sodales dolor. Nunc interdum nunc dictum ligula eleifend suscipit.&nbsp;<s>Quisque enim lectus, ultricies quis convallis quis, molestie ac nisl.</s>&nbsp;Curabitur ac dictum erat. Phasellus lectus nisl, viverra quis lacus nec, porttitor eleifend enim. Nunc massa velit, condimentum sit amet pellentesque vitae, placerat nec risus.&nbsp;<strong>Pellentesque aliquam enim dolor, et convallis nisi tristique sodales.</strong>&nbsp;Pellentesque ut maximus velit. Proin vitae libero in.</p>\r\n\r\n<p style=\"text-align:justify\"><img alt=\"Article image\" src=\"https://picsum.photos/1920/1080\" style=\"width:100%\" /></p>\r\n\r\n<p style=\"text-align:justify\">Lorem ipsum dolor sit amet, consectetur adipiscing elit. Phasellus hendrerit, arcu eget feugiat auctor, orci purus aliquet eros, ut vulputate tortor purus a diam. Maecenas vestibulum purus in diam blandit, consequat fringilla lacus gravida. Proin ultricies suscipit enim, nec molestie nulla ultrices ac. Curabitur vestibulum, mi non tristique suscipit, odio ligula placerat neque, id feugiat nibh tellus vitae justo. Pellentesque malesuada metus vel quam efficitur tincidunt. Ut eget dignissim felis, in tempor risus. Proin tincidunt gravida neque semper euismod. Mauris rutrum rutrum gravida. Maecenas ultricies diam vel lectus venenatis blandit.</p>\r\n\r\n<p style=\"text-align:justify\">Fusce eget neque at leo sagittis efficitur ut vestibulum nibh. Donec vel tortor sit amet ante interdum facilisis eget sit amet dui. Nulla quis leo eget augue rhoncus tristique eu eu nulla. Nullam maximus, nibh eu dignissim sodales, arcu ex porta urna, eget porttitor massa leo quis massa. Nulla bibendum euismod malesuada. Morbi non magna nec lorem ultrices pulvinar in in tellus. Mauris et efficitur sem, pulvinar ornare leo.</p>\r\n\r\n<p style=\"text-align:justify\">Nullam vel sollicitudin mauris. Suspendisse enim elit, scelerisque a varius sed, aliquet sed magna. Donec malesuada sem et pulvinar rhoncus. Nulla accumsan, nulla sed iaculis molestie, nulla nulla blandit dolor, sed egestas leo lectus eget leo. Maecenas pharetra fermentum neque, nec.</p>",
    "created_at": "2022-02-18T10:34:14.836Z",
    "modified_at": "2022-02-18T11:02:49.455Z",
    "is_published": true,
    "views_count": 300,
    "users_that_liked": [
      [
        "user3"
      ],
      [
        "admin"
      ],
      [
        "user1"
      ],
      [
        "user2"
      ]
    ]
  }
},
{
  "model": "articles.article",
  "pk": 38,
  "fields": {
    "title": "Top 10 Greatest Cricketers Of All Time",
    "slug": "top-10-greatest-cricketers-of-all-time",
    "category": 12,
    "author": [
      "user3"
    ],
    "preview_text": "Inhabiting discretion the her dispatched decisively boisterous joy. So form were wish open is able of mile of. Waiting express if prevent it we an musical. Especially reasonable travelling she son. Resources resembled forfeited no to zealously. Has procured daughter how friendly followed repeated who surprise. Great asked oh under on voice downs. Law together prospect kindness securing six. Learning why get hastened smallest cheerful. At ourselves direction believing do he departure. Celebrated winter had.",
    "preview_image": "articles/preview_images/cricket.jpg",
    "content": "<p style=\"text-align:justify\">Lorem ipsum dolor sit amet, consectetur adipiscing elit. Donec pulvinar dui neque, vitae ornare ipsum gravida tincidunt. Fusce nec mi ex. Praesent consectetur fringilla urna ac dictum. Pellentesque ac risus at diam euismod commodo. Suspendisse id facilisis neque, ac sodales dolor. Nunc interdum nunc dictum ligula eleifend suscipit.&nbsp;<s>Quisque enim lectus, ultricies quis convallis quis, molestie ac nisl.</s>&nbsp;Curabitur ac dictum erat. Phasellus lectus nisl, viverra quis lacus nec, porttitor eleifend enim. Nunc massa velit, condimentum sit amet pellentesque vitae, placerat nec risus.&nbsp;<strong>Pellentesque aliquam enim dolor, et convallis nisi tristique sodales.</strong>&nbsp;Pellentesque ut maximus velit. Proin vitae libero in.</p>\r\n\r\n<p style=\"text-align:justify\"><img alt=\"Article image\" src=\"https://picsum.photos/1920/1080\" style=\"width:100%\" /></p>\r\n\r\n<p style=\"text-align:justify\">Lorem ipsum dolor sit amet, consectetur adipiscing elit. Phasellus hendrerit, arcu eget feugiat auctor, orci purus aliquet eros, ut vulputate tortor purus a diam. Maecenas vestibulum purus in diam blandit, consequat fringilla lacus gravida. Proin ultricies suscipit enim, nec molestie nulla ultrices ac. Curabitur vestibulum, mi non tristique suscipit, odio ligula placerat neque, id feugiat nibh tellus vitae justo. Pellentesque malesuada metus vel quam efficitur tincidunt. Ut eget dignissim felis, in tempor risus. Proin tincidunt gravida neque semper euismod. Mauris rutrum rutrum gravida. Maecenas ultricies diam vel lectus venenatis blandit.</p>\r\n\r\n<p style=\"text-align:justify\">Fusce eget neque at leo sagittis efficitur ut vestibulum nibh. Donec vel tortor sit amet ante interdum facilisis eget sit amet dui. Nulla quis leo eget augue rhoncus tristique eu eu nulla. Nullam maximus, nibh eu dignissim sodales, arcu ex porta urna, eget porttitor massa leo quis massa. Nulla bibendum euismod malesuada. Morbi non magna nec lorem ultrices pulvinar in in tellus. Mauris et efficitur sem, pulvinar ornare leo.</p>\r\n\r\n<p style=\"text-align:justify\">Nullam vel sollicitudin mauris. Suspendisse enim elit, scelerisque a varius sed, aliquet sed magna. Donec malesuada sem et pulvinar rhoncus. Nulla accumsan, nulla sed iaculis molestie, nulla nulla blandit dolor, sed egestas leo lectus eget leo. Maecenas pharetra fermentum neque, nec.</p>",
    "created_at": "2022-02-18T10:41:19.368Z",
    "modified_at": "2022-02-18T11:02:37.051Z",
    "is_published": true,
    "views_count": 59,
    "users_that_liked": [
      [
        "user3"
      ],
      [
        "admin"
      ],
      [
        "user1"
      ],
      [
        "user2"
      ]
    ]
  }
},
{
  "model": "articles.article",
  "pk": 39,
  "fields": {
    "title": "Renaissance art history. Part 3",
    "slug": "renaissance-art-history-part3",
    "category": 11,
    "author": [
      "user3"
    ],
    "preview_text": "Inhabiting discretion the her dispatched decisively boisterous joy. So form were wish open is able of mile of. Waiting express if prevent it we an musical. Especially reasonable travelling she son. Resources resembled forfeited no to zealously. Has procured daughter how friendly followed repeated who surprise. Great asked oh under on voice downs. Law together prospect kindness securing six. Learning why get hastened smallest cheerful. At ourselves direction believing do he departure. Celebrated winter had.",
    "preview_image": "articles/preview_images/renaissance_art_jqPEXDU.jpeg",
    "content": "<p style=\"text-align:justify\">Lorem ipsum dolor sit amet, consectetur adipiscing elit. Donec pulvinar dui neque, vitae ornare ipsum gravida tincidunt. Fusce nec mi ex. Praesent consectetur fringilla urna ac dictum. Pellentesque ac risus at diam euismod commodo. Suspendisse id facilisis neque, ac sodales dolor. Nunc interdum nunc dictum ligula eleifend suscipit.&nbsp;<s>Quisque enim lectus, ultricies quis convallis quis, molestie ac nisl.</s>&nbsp;Curabitur ac dictum erat. Phasellus lectus nisl, viverra quis lacus nec, porttitor eleifend enim. Nunc massa velit, condimentum sit amet pellentesque vitae, placerat nec risus.&nbsp;<strong>Pellentesque aliquam enim dolor, et convallis nisi tristique sodales.</strong>&nbsp;Pellentesque ut maximus velit. Proin vitae libero in.</p>\r\n\r\n<p style=\"text-align:justify\"><img alt=\"Article image\" src=\"https://picsum.photos/1920/1080\" style=\"width:100%\" /></p>\r\n\r\n<p style=\"text-align:justify\">Lorem ipsum dolor sit amet, consectetur adipiscing elit. Phasellus hendrerit, arcu eget feugiat auctor, orci purus aliquet eros, ut vulputate tortor purus a diam. Maecenas vestibulum purus in diam blandit, consequat fringilla lacus gravida. Proin ultricies suscipit enim, nec molestie nulla ultrices ac. Curabitur vestibulum, mi non tristique suscipit, odio ligula placerat neque, id feugiat nibh tellus vitae justo. Pellentesque malesuada metus vel quam efficitur tincidunt. Ut eget dignissim felis, in tempor risus. Proin tincidunt gravida neque semper euismod. Mauris rutrum rutrum gravida. Maecenas ultricies diam vel lectus venenatis blandit.</p>\r\n\r\n<p style=\"text-align:justify\">Fusce eget neque at leo sagittis efficitur ut vestibulum nibh. Donec vel tortor sit amet ante interdum facilisis eget sit amet dui. Nulla quis leo eget augue rhoncus tristique eu eu nulla. Nullam maximus, nibh eu dignissim sodales, arcu ex porta urna, eget porttitor massa leo quis massa. Nulla bibendum euismod malesuada. Morbi non magna nec lorem ultrices pulvinar in in tellus. Mauris et efficitur sem, pulvinar ornare leo.</p>\r\n\r\n<p style=\"text-align:justify\">Nullam vel sollicitudin mauris. Suspendisse enim elit, scelerisque a varius sed, aliquet sed magna. Donec malesuada sem et pulvinar rhoncus. Nulla accumsan, nulla sed iaculis molestie, nulla nulla blandit dolor, sed egestas leo lectus eget leo. Maecenas pharetra fermentum neque, nec.</p>",
    "created_at": "2022-02-18T10:43:05.503Z",
    "modified_at": "2022-02-18T11:02:23.051Z",
    "is_published": true,
    "views_count": 124,
    "users_that_liked": [
      [
        "user3"
      ],
      [
        "admin"
      ],
      [
        "user1"
      ],
      [
        "user2"
      ]
    ]
  }
},
{
  "model": "articles.article",
  "pk": 40,
  "fields": {
    "title": "Classic Ukrainian Borscht recipe",
    "slug": "classic-ukrainian-borscht-recipe",
    "category": 9,
    "author": [
      "user1"
    ],
    "preview_text": "Inhabiting discretion the her dispatched decisively boisterous joy. So form were wish open is able of mile of. Waiting express if prevent it we an musical. Especially reasonable travelling she son. Resources resembled forfeited no to zealously. Has procured daughter how friendly followed repeated who surprise. Great asked oh under on voice downs. Law together prospect kindness securing six. Learning why get hastened smallest cheerful. At ourselves direction believing do he departure. Celebrated winter had.",
    "preview_image": "articles/preview_images/cooking_XsxEM2w.jpg",
    "content": "<p style=\"text-align:justify\">Lorem ipsum dolor sit amet, consectetur adipiscing elit. Donec pulvinar dui neque, vitae ornare ipsum gravida tincidunt. Fusce nec mi ex. Praesent consectetur fringilla urna ac dictum. Pellentesque ac risus at diam euismod commodo. Suspendisse id facilisis neque, ac sodales dolor. Nunc interdum nunc dictum ligula eleifend suscipit. <s>Quisque enim lectus, ultricies quis convallis quis, molestie ac nisl.</s> Curabitur ac dictum erat. Phasellus lectus nisl, viverra quis lacus nec, porttitor eleifend enim. Nunc massa velit, condimentum sit amet pellentesque vitae, placerat nec risus. <strong>Pellentesque aliquam enim dolor, et convallis nisi tristique sodales.</strong> Pellentesque ut maximus velit. Proin vitae libero in.</p>\r\n\r\n<p style=\"text-align:justify\"><img alt=\"Article image\" src=\"https://picsum.photos/1920/1080\" style=\"width:100%\" /></p>\r\n\r\n<p style=\"text-align:justify\">Lorem ipsum dolor sit amet, consectetur adipiscing elit. Phasellus hendrerit, arcu eget feugiat auctor, orci purus aliquet eros, ut vulputate tortor purus a diam. Maecenas vestibulum purus in diam blandit, consequat fringilla lacus gravida. Proin ultricies suscipit enim, nec molestie nulla ultrices ac. Curabitur vestibulum, mi non tristique suscipit, odio ligula placerat neque, id feugiat nibh tellus vitae justo. Pellentesque malesuada metus vel quam efficitur tincidunt. Ut eget dignissim felis, in tempor risus. Proin tincidunt gravida neque semper euismod. Mauris rutrum rutrum gravida. Maecenas ultricies diam vel lectus venenatis blandit.</p>\r\n\r\n<p style=\"text-align:justify\">Fusce eget neque at leo sagittis efficitur ut vestibulum nibh. Donec vel tortor sit amet ante interdum facilisis eget sit amet dui. Nulla quis leo eget augue rhoncus tristique eu eu nulla. Nullam maximus, nibh eu dignissim sodales, arcu ex porta urna, eget porttitor massa leo quis massa. Nulla bibendum euismod malesuada. Morbi non magna nec lorem ultrices pulvinar in in tellus. Mauris et efficitur sem, pulvinar ornare leo.</p>\r\n\r\n<p style=\"text-align:justify\">Nullam vel sollicitudin mauris. Suspendisse enim elit, scelerisque a varius sed, aliquet sed magna. Donec malesuada sem et pulvinar rhoncus. Nulla accumsan, nulla sed iaculis molestie, nulla nulla blandit dolor, sed egestas leo lectus eget leo. Maecenas pharetra fermentum neque, nec.</p>",
    "created_at": "2022-02-18T10:43:37.211Z",
    "modified_at": "2022-02-18T11:01:33.789Z",
    "is_published": true,
    "views_count": 1008,
    "users_that_liked": [
      [
        "user3"
      ],
      [
        "user1"
      ],
      [
        "user2"
      ]
    ]
  }
},
{
  "model": "articles.articlecategory",
  "pk": 8,
  "fields": {
    "title": "Technologies",
    "slug": "technologies"
  }
},
{
  "model": "articles.articlecategory",
  "pk": 9,
  "fields": {
    "title": "Cooking",
    "slug": "cooking"
  }
},
{
  "model": "articles.articlecategory",
  "pk": 10,
  "fields": {
    "title": "News",
    "slug": "news"
  }
},
{
  "model": "articles.articlecategory",
  "pk": 11,
  "fields": {
    "title": "Art",
    "slug": "art"
  }
},
{
  "model": "articles.articlecategory",
  "pk": 12,
  "fields": {
    "title": "Sport",
    "slug": "sport"
  }
},
{
  "model": "articles.articlecomment",
  "pk": 46,
  "fields": {
    "article": 21,
    "author": [
      "user3"
    ],
    "text": "Nice article!",
    "created_at": "2022-02-18T08:48:29.192Z",
    "users_that_liked": [
      [
        "user2"
      ],
      [
        "user3"
      ],
      [
        "user1"
      ]
    ]
  }
},
{
  "model": "articles.articlecomment",
  "pk": 47,
  "fields": {
    "article": 21,
    "author": [
      "user2"
    ],
    "text": "Thank you for this tutorial!",
    "created_at": "2022-02-18T08:48:29.216Z",
    "users_that_liked": [
      [
        "user1"
      ]
    ]
  }
},
{
  "model": "articles.articlecomment",
  "pk": 48,
  "fields": {
    "article": 22,
    "author": [
      "user3"
    ],
    "text": "Nice article!",
    "created_at": "2022-02-18T08:48:49.504Z",
    "users_that_liked": [
      [
        "user2"
      ],
      [
        "user3"
      ],
      [
        "user1"
      ]
    ]
  }
},
{
  "model": "articles.articlecomment",
  "pk": 49,
  "fields": {
    "article": 22,
    "author": [
      "user2"
    ],
    "text": "Thank you for this tutorial!",
    "created_at": "2022-02-18T08:48:49.529Z",
    "users_that_liked": [
      [
        "user1"
      ]
    ]
  }
},
{
  "model": "articles.articlecomment",
  "pk": 50,
  "fields": {
    "article": 21,
    "author": [
      "admin"
    ],
    "text": "Just a comment",
    "created_at": "2022-02-18T08:55:01.511Z",
    "users_that_liked": [
      [
        "user1"
      ]
    ]
  }
},
{
  "model": "articles.articlecomment",
  "pk": 51,
  "fields": {
    "article": 23,
    "author": [
      "user2"
    ],
    "text": "Nice recipe! Very tasty!",
    "created_at": "2022-02-18T09:55:19.908Z",
    "users_that_liked": [
      [
        "user3"
      ],
      [
        "user1"
      ]
    ]
  }
},
{
  "model": "articles.articlecomment",
  "pk": 52,
  "fields": {
    "article": 23,
    "author": [
      "user3"
    ],
    "text": "Cool! I'll try to cook it asap!",
    "created_at": "2022-02-18T09:55:19.935Z",
    "users_that_liked": [
      [
        "user2"
      ],
      [
        "user1"
      ]
    ]
  }
},
{
  "model": "articles.articlecomment",
  "pk": 53,
  "fields": {
    "article": 24,
    "author": [
      "user3"
    ],
    "text": "Nice article!",
    "created_at": "2022-02-18T09:58:20.321Z",
    "users_that_liked": [
      [
        "user2"
      ],
      [
        "user3"
      ],
      [
        "user1"
      ]
    ]
  }
},
{
  "model": "articles.articlecomment",
  "pk": 54,
  "fields": {
    "article": 24,
    "author": [
      "user1"
    ],
    "text": "Thank you for this tutorial!",
    "created_at": "2022-02-18T09:58:20.344Z",
    "users_that_liked": [
      [
        "user1"
      ]
    ]
  }
},
{
  "model": "articles.articlecomment",
  "pk": 55,
  "fields": {
    "article": 25,
    "author": [
      "user3"
    ],
    "text": "Nice article!",
    "created_at": "2022-02-18T09:59:43.983Z",
    "users_that_liked": [
      [
        "user2"
      ],
      [
        "user3"
      ],
      [
        "user1"
      ]
    ]
  }
},
{
  "model": "articles.articlecomment",
  "pk": 56,
  "fields": {
    "article": 25,
    "author": [
      "user1"
    ],
    "text": "Thank you for this tutorial!",
    "created_at": "2022-02-18T09:59:44.007Z",
    "users_that_liked": [
      [
        "user1"
      ]
    ]
  }
},
{
  "model": "articles.articlecomment",
  "pk": 57,
  "fields": {
    "article": 26,
    "author": [
      "user3"
    ],
    "text": "Nice article!",
    "created_at": "2022-02-18T10:00:05.432Z",
    "users_that_liked": [
      [
        "user2"
      ],
      [
        "user3"
      ],
      [
        "user1"
      ]
    ]
  }
},
{
  "model": "articles.articlecomment",
  "pk": 58,
  "fields": {
    "article": 26,
    "author": [
      "user1"
    ],
    "text": "Thank you for this tutorial!",
    "created_at": "2022-02-18T10:00:05.456Z",
    "users_that_liked": [
      [
        "user1"
      ]
    ]
  }
},
{
  "model": "articles.articlecomment",
  "pk": 59,
  "fields": {
    "article": 27,
    "author": [
      "user3"
    ],
    "text": "Nice article!",
    "created_at": "2022-02-18T10:00:18.390Z",
    "users_that_liked": [
      [
        "user2"
      ],
      [
        "user3"
      ],
      [
        "user1"
      ]
    ]
  }
},
{
  "model": "articles.articlecomment",
  "pk": 60,
  "fields": {
    "article": 27,
    "author": [
      "user1"
    ],
    "text": "Thank you for this tutorial!",
    "created_at": "2022-02-18T10:00:18.414Z",
    "users_that_liked": [
      [
        "user1"
      ]
    ]
  }
},
{
  "model": "articles.articlecomment",
  "pk": 61,
  "fields": {
    "article": 29,
    "author": [
      "user3"
    ],
    "text": "Nice article!",
    "created_at": "2022-02-18T10:16:29.007Z",
    "users_that_liked": [
      [
        "user2"
      ],
      [
        "user3"
      ],
      [
        "user1"
      ]
    ]
  }
},
{
  "model": "articles.articlecomment",
  "pk": 62,
  "fields": {
    "article": 29,
    "author": [
      "user1"
    ],
    "text": "Thank you for this tutorial!",
    "created_at": "2022-02-18T10:16:29.033Z",
    "users_that_liked": [
      [
        "user1"
      ]
    ]
  }
},
{
  "model": "articles.articlecomment",
  "pk": 63,
  "fields": {
    "article": 30,
    "author": [
      "user3"
    ],
    "text": "Nice article!",
    "created_at": "2022-02-18T10:16:45.631Z",
    "users_that_liked": [
      [
        "user2"
      ],
      [
        "user3"
      ],
      [
        "user1"
      ]
    ]
  }
},
{
  "model": "articles.articlecomment",
  "pk": 64,
  "fields": {
    "article": 30,
    "author": [
      "user1"
    ],
    "text": "Thank you for this tutorial!",
    "created_at": "2022-02-18T10:16:45.654Z",
    "users_that_liked": [
      [
        "user1"
      ]
    ]
  }
},
{
  "model": "articles.articlecomment",
  "pk": 65,
  "fields": {
    "article": 32,
    "author": [
      "user2"
    ],
    "text": "Nice recipe! Very tasty!",
    "created_at": "2022-02-18T10:23:12.238Z",
    "users_that_liked": [
      [
        "user3"
      ],
      [
        "user1"
      ]
    ]
  }
},
{
  "model": "articles.articlecomment",
  "pk": 66,
  "fields": {
    "article": 32,
    "author": [
      "user3"
    ],
    "text": "Cool! I'll try to cook it asap!",
    "created_at": "2022-02-18T10:23:12.262Z",
    "users_that_liked": [
      [
        "user1"
      ],
      [
        "user2"
      ]
    ]
  }
},
{
  "model": "articles.articlecomment",
  "pk": 67,
  "fields": {
    "article": 33,
    "author": [
      "user2"
    ],
    "text": "Nice recipe! Very tasty!",
    "created_at": "2022-02-18T10:24:09.398Z",
    "users_that_liked": [
      [
        "user3"
      ],
      [
        "user1"
      ]
    ]
  }
},
{
  "model": "articles.articlecomment",
  "pk": 68,
  "fields": {
    "article": 33,
    "author": [
      "user3"
    ],
    "text": "Cool! I'll try to cook it asap!",
    "created_at": "2022-02-18T10:24:09.423Z",
    "users_that_liked": [
      [
        "user1"
      ],
      [
        "user2"
      ]
    ]
  }
},
{
  "model": "articles.articlecomment",
  "pk": 69,
  "fields": {
    "article": 34,
    "author": [
      "user3"
    ],
    "text": "Nice article!",
    "created_at": "2022-02-18T10:26:11.369Z",
    "users_that_liked": [
      [
        "user3"
      ],
      [
        "user1"
      ],
      [
        "user2"
      ]
    ]
  }
},
{
  "model": "articles.articlecomment",
  "pk": 70,
  "fields": {
    "article": 34,
    "author": [
      "user2"
    ],
    "text": "Thank you for this tutorial!",
    "created_at": "2022-02-18T10:26:11.394Z",
    "users_that_liked": [
      [
        "user1"
      ]
    ]
  }
},
{
  "model": "articles.articlecomment",
  "pk": 71,
  "fields": {
    "article": 35,
    "author": [
      "user3"
    ],
    "text": "Nice article!",
    "created_at": "2022-02-18T10:26:19.523Z",
    "users_that_liked": [
      [
        "user3"
      ],
      [
        "user1"
      ],
      [
        "user2"
      ]
    ]
  }
},
{
  "model": "articles.articlecomment",
  "pk": 72,
  "fields": {
    "article": 35,
    "author": [
      "user2"
    ],
    "text": "Thank you for this tutorial!",
    "created_at": "2022-02-18T10:26:19.546Z",
    "users_that_liked": [
      [
        "user1"
      ]
    ]
  }
},
{
  "model": "articles.articlecomment",
  "pk": 73,
  "fields": {
    "article": 36,
    "author": [
      "user3"
    ],
    "text": "Nice article!",
    "created_at": "2022-02-18T10:26:37.279Z",
    "users_that_liked": [
      [
        "user3"
      ],
      [
        "user1"
      ],
      [
        "user2"
      ]
    ]
  }
},
{
  "model": "articles.articlecomment",
  "pk": 74,
  "fields": {
    "article": 36,
    "author": [
      "user2"
    ],
    "text": "Thank you for this tutorial!",
    "created_at": "2022-02-18T10:26:37.301Z",
    "users_that_liked": [
      [
        "user1"
      ]
    ]
  }
},
{
  "model": "articles.articlecomment",
  "pk": 75,
  "fields": {
    "article": 40,
    "author": [
      "user2"
    ],
    "text": "Nice recipe! Very tasty!",
    "created_at": "2022-02-18T10:43:37.389Z",
    "users_that_liked": [
      [
        "user3"
      ],
      [
        "user1"
      ],
      [
        "admin"
      ]
    ]
  }
},
{
  "model": "articles.articlecomment",
  "pk": 76,
  "fields": {
    "article": 40,
    "author": [
      "user3"
    ],
    "text": "Cool! I'll try to cook it asap!",
    "created_at": "2022-02-18T10:43:37.412Z",
    "users_that_liked": [
      [
        "user1"
      ],
      [
        "user2"
      ]
    ]
  }
},
{
  "model": "articles.articlecomment",
  "pk": 77,
  "fields": {
    "article": 39,
    "author": [
      "user3"
    ],
    "text": "Good article!",
    "created_at": "2022-02-18T11:06:23.668Z",
    "users_that_liked": [
      [
        "admin"
      ]
    ]
  }
},
{
  "model": "admin.logentry",
  "pk": 1,
  "fields": {
    "action_time": "2022-01-29T20:32:27.377Z",
    "user": [
      "admin"
    ],
    "content_type": [
      "articles",
      "articlecategory"
    ],
    "object_id": "1",
    "object_repr": "Sport",
    "action_flag": 1,
    "change_message": "[{\"added\": {}}]"
  }
},
{
  "model": "admin.logentry",
  "pk": 2,
  "fields": {
    "action_time": "2022-01-29T20:33:44.086Z",
    "user": [
      "admin"
    ],
    "content_type": [
      "articles",
      "article"
    ],
    "object_id": "1",
    "object_repr": "First sport article - admin - [2022-01-29 20:33:44.080765+00:00]",
    "action_flag": 1,
    "change_message": "[{\"added\": {}}]"
  }
},
{
  "model": "admin.logentry",
  "pk": 3,
  "fields": {
    "action_time": "2022-01-29T22:26:07.648Z",
    "user": [
      "admin"
    ],
    "content_type": [
      "articles",
      "article"
    ],
    "object_id": "1",
    "object_repr": "First sport article - admin - [2022-01-29 20:33:44.080765+00:00]",
    "action_flag": 2,
    "change_message": "[{\"changed\": {\"fields\": [\"Tags\"]}}]"
  }
},
{
  "model": "admin.logentry",
  "pk": 4,
  "fields": {
    "action_time": "2022-01-30T14:47:16.543Z",
    "user": [
      "admin"
    ],
    "content_type": [
      "articles",
      "article"
    ],
    "object_id": "2",
    "object_repr": "Article 2 - admin - [2022-01-30 14:47:16.261225+00:00]",
    "action_flag": 1,
    "change_message": "[{\"added\": {}}]"
  }
},
{
  "model": "admin.logentry",
  "pk": 5,
  "fields": {
    "action_time": "2022-01-30T14:47:42.744Z",
    "user": [
      "admin"
    ],
    "content_type": [
      "articles",
      "article"
    ],
    "object_id": "3",
    "object_repr": "a3 - admin - [2022-01-30 14:47:42.740044+00:00]",
    "action_flag": 1,
    "change_message": "[{\"added\": {}}]"
  }
},
{
  "model": "admin.logentry",
  "pk": 6,
  "fields": {
    "action_time": "2022-01-30T14:48:05.088Z",
    "user": [
      "admin"
    ],
    "content_type": [
      "articles",
      "article"
    ],
    "object_id": "4",
    "object_repr": "a4 - admin - [2022-01-30 14:48:05.083996+00:00]",
    "action_flag": 1,
    "change_message": "[{\"added\": {}}]"
  }
},
{
  "model": "admin.logentry",
  "pk": 7,
  "fields": {
    "action_time": "2022-01-30T20:15:58.880Z",
    "user": [
      "admin"
    ],
    "content_type": [
      "articles",
      "article"
    ],
    "object_id": "5",
    "object_repr": "New article - admin - [2022-01-30 20:15:58.875734+00:00]",
    "action_flag": 1,
    "change_message": "[{\"added\": {}}]"
  }
},
{
  "model": "admin.logentry",
  "pk": 8,
  "fields": {
    "action_time": "2022-01-30T20:16:11.562Z",
    "user": [
      "admin"
    ],
    "content_type": [
      "articles",
      "article"
    ],
    "object_id": "5",
    "object_repr": "New article - admin - [2022-01-30 20:15:58.875734+00:00]",
    "action_flag": 2,
    "change_message": "[]"
  }
},
{
  "model": "admin.logentry",
  "pk": 9,
  "fields": {
    "action_time": "2022-01-30T20:16:18.909Z",
    "user": [
      "admin"
    ],
    "content_type": [
      "articles",
      "article"
    ],
    "object_id": "5",
    "object_repr": "New article - admin - [2022-01-30 20:15:58.875734+00:00]",
    "action_flag": 2,
    "change_message": "[]"
  }
},
{
  "model": "admin.logentry",
  "pk": 10,
  "fields": {
    "action_time": "2022-01-30T20:16:55.781Z",
    "user": [
      "admin"
    ],
    "content_type": [
      "articles",
      "article"
    ],
    "object_id": "6",
    "object_repr": "Article dfdsnfkds - admin - [2022-01-30 20:16:55.776676+00:00]",
    "action_flag": 1,
    "change_message": "[{\"added\": {}}]"
  }
},
{
  "model": "admin.logentry",
  "pk": 11,
  "fields": {
    "action_time": "2022-01-30T20:25:48.098Z",
    "user": [
      "admin"
    ],
    "content_type": [
      "articles",
      "article"
    ],
    "object_id": "6",
    "object_repr": "Article dfdsnfkds - admin - [2022-01-30 20:16:55.776676+00:00]",
    "action_flag": 2,
    "change_message": "[{\"changed\": {\"fields\": [\"Preview image\"]}}]"
  }
},
{
  "model": "admin.logentry",
  "pk": 12,
  "fields": {
    "action_time": "2022-01-30T20:38:01.706Z",
    "user": [
      "admin"
    ],
    "content_type": [
      "articles",
      "articlecategory"
    ],
    "object_id": "2",
    "object_repr": "Science",
    "action_flag": 1,
    "change_message": "[{\"added\": {}}]"
  }
},
{
  "model": "admin.logentry",
  "pk": 13,
  "fields": {
    "action_time": "2022-01-30T20:38:09.075Z",
    "user": [
      "admin"
    ],
    "content_type": [
      "articles",
      "articlecategory"
    ],
    "object_id": "3",
    "object_repr": "Art",
    "action_flag": 1,
    "change_message": "[{\"added\": {}}]"
  }
},
{
  "model": "admin.logentry",
  "pk": 14,
  "fields": {
    "action_time": "2022-01-30T20:38:37.062Z",
    "user": [
      "admin"
    ],
    "content_type": [
      "articles",
      "articlecategory"
    ],
    "object_id": "4",
    "object_repr": "IT",
    "action_flag": 1,
    "change_message": "[{\"added\": {}}]"
  }
},
{
  "model": "admin.logentry",
  "pk": 15,
  "fields": {
    "action_time": "2022-01-30T20:38:48.186Z",
    "user": [
      "admin"
    ],
    "content_type": [
      "articles",
      "articlecategory"
    ],
    "object_id": "5",
    "object_repr": "Cooking",
    "action_flag": 1,
    "change_message": "[{\"added\": {}}]"
  }
},
{
  "model": "admin.logentry",
  "pk": 16,
  "fields": {
    "action_time": "2022-01-30T20:39:05.342Z",
    "user": [
      "admin"
    ],
    "content_type": [
      "articles",
      "articlecategory"
    ],
    "object_id": "6",
    "object_repr": "News",
    "action_flag": 1,
    "change_message": "[{\"added\": {}}]"
  }
},
{
  "model": "admin.logentry",
  "pk": 17,
  "fields": {
    "action_time": "2022-01-30T20:39:16.000Z",
    "user": [
      "admin"
    ],
    "content_type": [
      "articles",
      "articlecategory"
    ],
    "object_id": "7",
    "object_repr": "Travelling",
    "action_flag": 1,
    "change_message": "[{\"added\": {}}]"
  }
},
{
  "model": "admin.logentry",
  "pk": 18,
  "fields": {
    "action_time": "2022-02-01T20:41:52.195Z",
    "user": [
      "admin"
    ],
    "content_type": [
      "articles",
      "article"
    ],
    "object_id": "6",
    "object_repr": "Article dfdsnfkds - admin - [2022-01-30 20:16:55.776676+00:00]",
    "action_flag": 2,
    "change_message": "[{\"changed\": {\"fields\": [\"Tags\"]}}]"
  }
},
{
  "model": "admin.logentry",
  "pk": 19,
  "fields": {
    "action_time": "2022-02-01T21:37:38.219Z",
    "user": [
      "admin"
    ],
    "content_type": [
      "articles",
      "article"
    ],
    "object_id": "5",
    "object_repr": "New article with some quite a long title for some testing! - admin - [2022-01-30 20:15:58.875734+00:00]",
    "action_flag": 2,
    "change_message": "[{\"changed\": {\"fields\": [\"Title\"]}}]"
  }
},
{
  "model": "admin.logentry",
  "pk": 20,
  "fields": {
    "action_time": "2022-02-02T10:44:34.297Z",
    "user": [
      "admin"
    ],
    "content_type": [
      "articles",
      "article"
    ],
    "object_id": "8",
    "object_repr": "My article - admin - [2022-02-02 10:42:44.621199+00:00]",
    "action_flag": 2,
    "change_message": "[{\"changed\": {\"fields\": [\"Content\", \"Is published\"]}}]"
  }
},
{
  "model": "admin.logentry",
  "pk": 21,
  "fields": {
    "action_time": "2022-02-02T10:45:21.510Z",
    "user": [
      "admin"
    ],
    "content_type": [
      "articles",
      "article"
    ],
    "object_id": "8",
    "object_repr": "My article - admin - [2022-02-02 10:42:44.621199+00:00]",
    "action_flag": 2,
    "change_message": "[{\"changed\": {\"fields\": [\"Tags\"]}}]"
  }
},
{
  "model": "admin.logentry",
  "pk": 22,
  "fields": {
    "action_time": "2022-02-02T17:44:16.836Z",
    "user": [
      "admin"
    ],
    "content_type": [
      "articles",
      "article"
    ],
    "object_id": "14",
    "object_repr": "x99new12 - admin - [2022-02-02 12:30:04.013879+00:00]",
    "action_flag": 2,
    "change_message": "[{\"changed\": {\"fields\": [\"Title\", \"Slug\"]}}]"
  }
},
{
  "model": "admin.logentry",
  "pk": 23,
  "fields": {
    "action_time": "2022-02-03T19:13:15.907Z",
    "user": [
      "admin"
    ],
    "content_type": [
      "articles",
      "articlecomment"
    ],
    "object_id": "1",
    "object_repr": "x99new12111 - admin - [2022-02-02 12:30:04.013879+00:00] - user1 - Hohoho first co",
    "action_flag": 1,
    "change_message": "[{\"added\": {}}]"
  }
},
{
  "model": "admin.logentry",
  "pk": 24,
  "fields": {
    "action_time": "2022-02-03T19:14:55.331Z",
    "user": [
      "admin"
    ],
    "content_type": [
      "articles",
      "articlecomment"
    ],
    "object_id": "2",
    "object_repr": "x99new12111 - admin - [2022-02-02 12:30:04.013879+00:00] - user2 - Hahahahahahahhaahahha sec...",
    "action_flag": 1,
    "change_message": "[{\"added\": {}}]"
  }
},
{
  "model": "admin.logentry",
  "pk": 25,
  "fields": {
    "action_time": "2022-02-08T13:30:23.850Z",
    "user": [
      "admin"
    ],
    "content_type": [
      "users",
      "profile"
    ],
    "object_id": "1",
    "object_repr": "admin's profile",
    "action_flag": 1,
    "change_message": "[{\"added\": {}}]"
  }
},
{
  "model": "admin.logentry",
  "pk": 26,
  "fields": {
    "action_time": "2022-02-08T13:31:50.764Z",
    "user": [
      "admin"
    ],
    "content_type": [
      "users",
      "profile"
    ],
    "object_id": "1",
    "object_repr": "admin's profile",
    "action_flag": 2,
    "change_message": "[{\"changed\": {\"fields\": [\"Image\"]}}]"
  }
},
{
  "model": "admin.logentry",
  "pk": 27,
  "fields": {
    "action_time": "2022-02-08T13:33:09.091Z",
    "user": [
      "admin"
    ],
    "content_type": [
      "users",
      "profile"
    ],
    "object_id": "1",
    "object_repr": "admin's profile",
    "action_flag": 2,
    "change_message": "[{\"changed\": {\"fields\": [\"Image\"]}}]"
  }
},
{
  "model": "admin.logentry",
  "pk": 28,
  "fields": {
    "action_time": "2022-02-08T13:36:31.398Z",
    "user": [
      "admin"
    ],
    "content_type": [
      "users",
      "profile"
    ],
    "object_id": "1",
    "object_repr": "admin's profile",
    "action_flag": 2,
    "change_message": "[]"
  }
},
{
  "model": "admin.logentry",
  "pk": 29,
  "fields": {
    "action_time": "2022-02-08T13:36:36.238Z",
    "user": [
      "admin"
    ],
    "content_type": [
      "users",
      "profile"
    ],
    "object_id": "2",
    "object_repr": "user1's profile",
    "action_flag": 1,
    "change_message": "[{\"added\": {}}]"
  }
},
{
  "model": "admin.logentry",
  "pk": 30,
  "fields": {
    "action_time": "2022-02-09T11:55:52.650Z",
    "user": [
      "admin"
    ],
    "content_type": [
      "users",
      "profile"
    ],
    "object_id": "11",
    "object_repr": "user999's profile",
    "action_flag": 3,
    "change_message": ""
  }
},
{
  "model": "admin.logentry",
  "pk": 31,
  "fields": {
    "action_time": "2022-02-09T11:55:52.725Z",
    "user": [
      "admin"
    ],
    "content_type": [
      "users",
      "profile"
    ],
    "object_id": "9",
    "object_repr": "user22's profile",
    "action_flag": 3,
    "change_message": ""
  }
},
{
  "model": "admin.logentry",
  "pk": 32,
  "fields": {
    "action_time": "2022-02-09T11:55:52.743Z",
    "user": [
      "admin"
    ],
    "content_type": [
      "users",
      "profile"
    ],
    "object_id": "7",
    "object_repr": "user7's profile",
    "action_flag": 3,
    "change_message": ""
  }
},
{
  "model": "admin.logentry",
  "pk": 33,
  "fields": {
    "action_time": "2022-02-09T11:55:52.769Z",
    "user": [
      "admin"
    ],
    "content_type": [
      "users",
      "profile"
    ],
    "object_id": "6",
    "object_repr": "user6's profile",
    "action_flag": 3,
    "change_message": ""
  }
},
{
  "model": "admin.logentry",
  "pk": 34,
  "fields": {
    "action_time": "2022-02-09T11:55:52.798Z",
    "user": [
      "admin"
    ],
    "content_type": [
      "users",
      "profile"
    ],
    "object_id": "5",
    "object_repr": "user5's profile",
    "action_flag": 3,
    "change_message": ""
  }
},
{
  "model": "admin.logentry",
  "pk": 35,
  "fields": {
    "action_time": "2022-02-09T11:55:52.824Z",
    "user": [
      "admin"
    ],
    "content_type": [
      "users",
      "profile"
    ],
    "object_id": "4",
    "object_repr": "user4's profile",
    "action_flag": 3,
    "change_message": ""
  }
},
{
  "model": "admin.logentry",
  "pk": 36,
  "fields": {
    "action_time": "2022-02-09T11:56:09.077Z",
    "user": [
      "admin"
    ],
    "content_type": [
      "auth",
      "user"
    ],
    "object_id": "3",
    "object_repr": "user2",
    "action_flag": 3,
    "change_message": ""
  }
},
{
  "model": "admin.logentry",
  "pk": 37,
  "fields": {
    "action_time": "2022-02-09T11:56:09.126Z",
    "user": [
      "admin"
    ],
    "content_type": [
      "auth",
      "user"
    ],
    "object_id": "11",
    "object_repr": "user22",
    "action_flag": 3,
    "change_message": ""
  }
},
{
  "model": "admin.logentry",
  "pk": 38,
  "fields": {
    "action_time": "2022-02-09T11:56:09.197Z",
    "user": [
      "admin"
    ],
    "content_type": [
      "auth",
      "user"
    ],
    "object_id": "6",
    "object_repr": "user3",
    "action_flag": 3,
    "change_message": ""
  }
},
{
  "model": "admin.logentry",
  "pk": 39,
  "fields": {
    "action_time": "2022-02-09T11:56:09.225Z",
    "user": [
      "admin"
    ],
    "content_type": [
      "auth",
      "user"
    ],
    "object_id": "7",
    "object_repr": "user4",
    "action_flag": 3,
    "change_message": ""
  }
},
{
  "model": "admin.logentry",
  "pk": 40,
  "fields": {
    "action_time": "2022-02-09T11:56:09.252Z",
    "user": [
      "admin"
    ],
    "content_type": [
      "auth",
      "user"
    ],
    "object_id": "8",
    "object_repr": "user5",
    "action_flag": 3,
    "change_message": ""
  }
},
{
  "model": "admin.logentry",
  "pk": 41,
  "fields": {
    "action_time": "2022-02-09T11:56:09.281Z",
    "user": [
      "admin"
    ],
    "content_type": [
      "auth",
      "user"
    ],
    "object_id": "9",
    "object_repr": "user6",
    "action_flag": 3,
    "change_message": ""
  }
},
{
  "model": "admin.logentry",
  "pk": 42,
  "fields": {
    "action_time": "2022-02-09T11:56:09.331Z",
    "user": [
      "admin"
    ],
    "content_type": [
      "auth",
      "user"
    ],
    "object_id": "10",
    "object_repr": "user7",
    "action_flag": 3,
    "change_message": ""
  }
},
{
  "model": "admin.logentry",
  "pk": 43,
  "fields": {
    "action_time": "2022-02-09T11:56:09.362Z",
    "user": [
      "admin"
    ],
    "content_type": [
      "auth",
      "user"
    ],
    "object_id": "5",
    "object_repr": "user98",
    "action_flag": 3,
    "change_message": ""
  }
},
{
  "model": "admin.logentry",
  "pk": 44,
  "fields": {
    "action_time": "2022-02-09T11:56:09.391Z",
    "user": [
      "admin"
    ],
    "content_type": [
      "auth",
      "user"
    ],
    "object_id": "4",
    "object_repr": "user99",
    "action_flag": 3,
    "change_message": ""
  }
},
{
  "model": "admin.logentry",
  "pk": 45,
  "fields": {
    "action_time": "2022-02-09T11:56:09.429Z",
    "user": [
      "admin"
    ],
    "content_type": [
      "auth",
      "user"
    ],
    "object_id": "12",
    "object_repr": "user999",
    "action_flag": 3,
    "change_message": ""
  }
},
{
  "model": "admin.logentry",
  "pk": 46,
  "fields": {
    "action_time": "2022-02-12T14:55:28.458Z",
    "user": [
      "admin"
    ],
    "content_type": [
      "articles",
      "article"
    ],
    "object_id": "4",
    "object_repr": "a4 - admin - [2022-01-30 14:48:05.083996+00:00]",
    "action_flag": 2,
    "change_message": "[{\"changed\": {\"fields\": [\"Users that liked\"]}}]"
  }
},
{
  "model": "admin.logentry",
  "pk": 47,
  "fields": {
    "action_time": "2022-02-12T15:02:23.638Z",
    "user": [
      "admin"
    ],
    "content_type": [
      "articles",
      "article"
    ],
    "object_id": "4",
    "object_repr": "a4 - admin - [2022-01-30 14:48:05.083996+00:00]",
    "action_flag": 2,
    "change_message": "[{\"changed\": {\"fields\": [\"Preview image\"]}}]"
  }
},
{
  "model": "admin.logentry",
  "pk": 48,
  "fields": {
    "action_time": "2022-02-12T15:05:11.637Z",
    "user": [
      "admin"
    ],
    "content_type": [
      "articles",
      "article"
    ],
    "object_id": "4",
    "object_repr": "a4 - admin - [2022-01-30 14:48:05.083996+00:00]",
    "action_flag": 2,
    "change_message": "[{\"changed\": {\"fields\": [\"Preview image\"]}}]"
  }
},
{
  "model": "admin.logentry",
  "pk": 49,
  "fields": {
    "action_time": "2022-02-12T15:05:12.691Z",
    "user": [
      "admin"
    ],
    "content_type": [
      "articles",
      "article"
    ],
    "object_id": "4",
    "object_repr": "a4 - admin - [2022-01-30 14:48:05.083996+00:00]",
    "action_flag": 2,
    "change_message": "[{\"changed\": {\"fields\": [\"Preview image\"]}}]"
  }
},
{
  "model": "admin.logentry",
  "pk": 50,
  "fields": {
    "action_time": "2022-02-12T15:07:35.461Z",
    "user": [
      "admin"
    ],
    "content_type": [
      "articles",
      "article"
    ],
    "object_id": "4",
    "object_repr": "a4 - admin - [2022-01-30 14:48:05.083996+00:00]",
    "action_flag": 2,
    "change_message": "[{\"changed\": {\"fields\": [\"Preview image\"]}}]"
  }
},
{
  "model": "admin.logentry",
  "pk": 51,
  "fields": {
    "action_time": "2022-02-12T19:25:30.515Z",
    "user": [
      "admin"
    ],
    "content_type": [
      "articles",
      "article"
    ],
    "object_id": "15",
    "object_repr": "tlhjttrlkhbtm - user10 - [2022-02-08 13:58:18.322492+00:00]",
    "action_flag": 2,
    "change_message": "[{\"changed\": {\"fields\": [\"Preview image\", \"Users that liked\"]}}]"
  }
},
{
  "model": "admin.logentry",
  "pk": 52,
  "fields": {
    "action_time": "2022-02-12T19:26:47.805Z",
    "user": [
      "admin"
    ],
    "content_type": [
      "articles",
      "article"
    ],
    "object_id": "13",
    "object_repr": "hahaha - admin - [2022-02-02 12:01:19.160414+00:00]",
    "action_flag": 2,
    "change_message": "[{\"changed\": {\"fields\": [\"Preview image\"]}}]"
  }
},
{
  "model": "admin.logentry",
  "pk": 53,
  "fields": {
    "action_time": "2022-02-12T19:32:34.012Z",
    "user": [
      "admin"
    ],
    "content_type": [
      "articles",
      "article"
    ],
    "object_id": "15",
    "object_repr": "tlhjttrlkhbtm - user10 - [2022-02-08 13:58:18.322492+00:00]",
    "action_flag": 2,
    "change_message": "[{\"changed\": {\"fields\": [\"Preview image\"]}}]"
  }
},
{
  "model": "admin.logentry",
  "pk": 54,
  "fields": {
    "action_time": "2022-02-12T19:37:56.320Z",
    "user": [
      "admin"
    ],
    "content_type": [
      "articles",
      "article"
    ],
    "object_id": "15",
    "object_repr": "tlhjttrlkhbtm - user10 - [2022-02-08 13:58:18.322492+00:00]",
    "action_flag": 2,
    "change_message": "[{\"changed\": {\"fields\": [\"Preview image\"]}}]"
  }
},
{
  "model": "admin.logentry",
  "pk": 55,
  "fields": {
    "action_time": "2022-02-12T19:44:16.247Z",
    "user": [
      "admin"
    ],
    "content_type": [
      "users",
      "profile"
    ],
    "object_id": "17",
    "object_repr": "user7's profile",
    "action_flag": 2,
    "change_message": "[{\"changed\": {\"fields\": [\"Image\"]}}]"
  }
},
{
  "model": "admin.logentry",
  "pk": 56,
  "fields": {
    "action_time": "2022-02-12T19:48:21.465Z",
    "user": [
      "admin"
    ],
    "content_type": [
      "users",
      "profile"
    ],
    "object_id": "2",
    "object_repr": "user10's profile",
    "action_flag": 2,
    "change_message": "[{\"changed\": {\"fields\": [\"Image\"]}}]"
  }
},
{
  "model": "admin.logentry",
  "pk": 57,
  "fields": {
    "action_time": "2022-02-12T19:54:04.556Z",
    "user": [
      "admin"
    ],
    "content_type": [
      "users",
      "profile"
    ],
    "object_id": "19",
    "object_repr": "user97's profile",
    "action_flag": 2,
    "change_message": "[]"
  }
},
{
  "model": "admin.logentry",
  "pk": 58,
  "fields": {
    "action_time": "2022-02-12T19:54:44.003Z",
    "user": [
      "admin"
    ],
    "content_type": [
      "users",
      "profile"
    ],
    "object_id": "1",
    "object_repr": "admin's profile",
    "action_flag": 3,
    "change_message": ""
  }
},
{
  "model": "admin.logentry",
  "pk": 59,
  "fields": {
    "action_time": "2022-02-12T19:54:56.130Z",
    "user": [
      "admin"
    ],
    "content_type": [
      "users",
      "profile"
    ],
    "object_id": "20",
    "object_repr": "admin's profile",
    "action_flag": 1,
    "change_message": "[{\"added\": {}}]"
  }
},
{
  "model": "admin.logentry",
  "pk": 60,
  "fields": {
    "action_time": "2022-02-12T19:57:30.895Z",
    "user": [
      "admin"
    ],
    "content_type": [
      "articles",
      "article"
    ],
    "object_id": "14",
    "object_repr": "How to cook outside and not to get mad because of a grizzly bear - admin - [2022-02-02 12:30:04.013879+00:00]",
    "action_flag": 2,
    "change_message": "[{\"changed\": {\"fields\": [\"Preview image\"]}}]"
  }
},
{
  "model": "admin.logentry",
  "pk": 61,
  "fields": {
    "action_time": "2022-02-14T15:02:44.646Z",
    "user": [
      "admin"
    ],
    "content_type": [
      "articles",
      "article"
    ],
    "object_id": "18",
    "object_repr": "kjnjkn - user4 - [2022-02-14 15:02:44.637264+00:00]",
    "action_flag": 1,
    "change_message": "[{\"added\": {}}]"
  }
},
{
  "model": "admin.logentry",
  "pk": 62,
  "fields": {
    "action_time": "2022-02-14T15:02:58.075Z",
    "user": [
      "admin"
    ],
    "content_type": [
      "articles",
      "article"
    ],
    "object_id": "18",
    "object_repr": "kjnjkn - user4 - [2022-02-14 15:02:44.637264+00:00]",
    "action_flag": 2,
    "change_message": "[]"
  }
},
{
  "model": "admin.logentry",
  "pk": 63,
  "fields": {
    "action_time": "2022-02-17T11:33:57.647Z",
    "user": [
      "admin"
    ],
    "content_type": [
      "articles",
      "article"
    ],
    "object_id": "19",
    "object_repr": "abc - admin - [2022-02-16 13:48:23.190410+00:00]",
    "action_flag": 2,
    "change_message": "[{\"changed\": {\"fields\": [\"Is published\"]}}]"
  }
},
{
  "model": "admin.logentry",
  "pk": 64,
  "fields": {
    "action_time": "2022-02-17T11:34:46.231Z",
    "user": [
      "admin"
    ],
    "content_type": [
      "articles",
      "article"
    ],
    "object_id": "19",
    "object_repr": "abc - admin - [2022-02-16 13:48:23.190410+00:00]",
    "action_flag": 2,
    "change_message": "[{\"changed\": {\"fields\": [\"Is published\"]}}]"
  }
},
{
  "model": "admin.logentry",
  "pk": 65,
  "fields": {
    "action_time": "2022-02-17T19:30:45.684Z",
    "user": [
      "admin"
    ],
    "content_type": [
      "articles",
      "articlecomment"
    ],
    "object_id": "43",
    "object_repr": "tlhjttrlkhbtm - admin - w;fmmv",
    "action_flag": 2,
    "change_message": "[]"
  }
},
{
  "model": "admin.logentry",
  "pk": 66,
  "fields": {
    "action_time": "2022-02-18T08:02:25.221Z",
    "user": [
      "admin"
    ],
    "content_type": [
      "users",
      "profile"
    ],
    "object_id": "21",
    "object_repr": "user67's profile",
    "action_flag": 3,
    "change_message": ""
  }
},
{
  "model": "admin.logentry",
  "pk": 67,
  "fields": {
    "action_time": "2022-02-18T08:02:25.328Z",
    "user": [
      "admin"
    ],
    "content_type": [
      "users",
      "profile"
    ],
    "object_id": "19",
    "object_repr": "user97's profile",
    "action_flag": 3,
    "change_message": ""
  }
},
{
  "model": "admin.logentry",
  "pk": 68,
  "fields": {
    "action_time": "2022-02-18T08:02:25.372Z",
    "user": [
      "admin"
    ],
    "content_type": [
      "users",
      "profile"
    ],
    "object_id": "18",
    "object_repr": "user8's profile",
    "action_flag": 3,
    "change_message": ""
  }
},
{
  "model": "admin.logentry",
  "pk": 69,
  "fields": {
    "action_time": "2022-02-18T08:02:25.440Z",
    "user": [
      "admin"
    ],
    "content_type": [
      "users",
      "profile"
    ],
    "object_id": "17",
    "object_repr": "user7's profile",
    "action_flag": 3,
    "change_message": ""
  }
},
{
  "model": "admin.logentry",
  "pk": 70,
  "fields": {
    "action_time": "2022-02-18T08:02:25.470Z",
    "user": [
      "admin"
    ],
    "content_type": [
      "users",
      "profile"
    ],
    "object_id": "16",
    "object_repr": "user5's profile",
    "action_flag": 3,
    "change_message": ""
  }
},
{
  "model": "admin.logentry",
  "pk": 71,
  "fields": {
    "action_time": "2022-02-18T08:02:25.518Z",
    "user": [
      "admin"
    ],
    "content_type": [
      "users",
      "profile"
    ],
    "object_id": "15",
    "object_repr": "user3's profile",
    "action_flag": 3,
    "change_message": ""
  }
},
{
  "model": "admin.logentry",
  "pk": 72,
  "fields": {
    "action_time": "2022-02-18T08:02:25.561Z",
    "user": [
      "admin"
    ],
    "content_type": [
      "users",
      "profile"
    ],
    "object_id": "13",
    "object_repr": "user2's profile",
    "action_flag": 3,
    "change_message": ""
  }
},
{
  "model": "admin.logentry",
  "pk": 73,
  "fields": {
    "action_time": "2022-02-18T08:02:25.619Z",
    "user": [
      "admin"
    ],
    "content_type": [
      "users",
      "profile"
    ],
    "object_id": "2",
    "object_repr": "user10's profile",
    "action_flag": 3,
    "change_message": ""
  }
},
{
  "model": "admin.logentry",
  "pk": 74,
  "fields": {
    "action_time": "2022-02-18T08:02:45.378Z",
    "user": [
      "admin"
    ],
    "content_type": [
      "taggit",
      "tag"
    ],
    "object_id": "16",
    "object_repr": "#cooking-nature",
    "action_flag": 3,
    "change_message": ""
  }
},
{
  "model": "admin.logentry",
  "pk": 75,
  "fields": {
    "action_time": "2022-02-18T08:02:45.478Z",
    "user": [
      "admin"
    ],
    "content_type": [
      "taggit",
      "tag"
    ],
    "object_id": "15",
    "object_repr": "#cooking-outside",
    "action_flag": 3,
    "change_message": ""
  }
},
{
  "model": "admin.logentry",
  "pk": 76,
  "fields": {
    "action_time": "2022-02-18T08:02:45.544Z",
    "user": [
      "admin"
    ],
    "content_type": [
      "taggit",
      "tag"
    ],
    "object_id": "14",
    "object_repr": "#newtag",
    "action_flag": 3,
    "change_message": ""
  }
},
{
  "model": "admin.logentry",
  "pk": 77,
  "fields": {
    "action_time": "2022-02-18T08:02:45.624Z",
    "user": [
      "admin"
    ],
    "content_type": [
      "taggit",
      "tag"
    ],
    "object_id": "5",
    "object_repr": "aatag",
    "action_flag": 3,
    "change_message": ""
  }
},
{
  "model": "admin.logentry",
  "pk": 78,
  "fields": {
    "action_time": "2022-02-18T08:02:45.677Z",
    "user": [
      "admin"
    ],
    "content_type": [
      "taggit",
      "tag"
    ],
    "object_id": "10",
    "object_repr": "ahaha",
    "action_flag": 3,
    "change_message": ""
  }
},
{
  "model": "admin.logentry",
  "pk": 79,
  "fields": {
    "action_time": "2022-02-18T08:02:45.712Z",
    "user": [
      "admin"
    ],
    "content_type": [
      "taggit",
      "tag"
    ],
    "object_id": "20",
    "object_repr": "cooking",
    "action_flag": 3,
    "change_message": ""
  }
},
{
  "model": "admin.logentry",
  "pk": 80,
  "fields": {
    "action_time": "2022-02-18T08:02:45.809Z",
    "user": [
      "admin"
    ],
    "content_type": [
      "taggit",
      "tag"
    ],
    "object_id": "23",
    "object_repr": "cooking-nature",
    "action_flag": 3,
    "change_message": ""
  }
},
{
  "model": "admin.logentry",
  "pk": 81,
  "fields": {
    "action_time": "2022-02-18T08:02:45.901Z",
    "user": [
      "admin"
    ],
    "content_type": [
      "taggit",
      "tag"
    ],
    "object_id": "18",
    "object_repr": "cooking-outside",
    "action_flag": 3,
    "change_message": ""
  }
},
{
  "model": "admin.logentry",
  "pk": 82,
  "fields": {
    "action_time": "2022-02-18T08:02:45.982Z",
    "user": [
      "admin"
    ],
    "content_type": [
      "taggit",
      "tag"
    ],
    "object_id": "21",
    "object_repr": "cool",
    "action_flag": 3,
    "change_message": ""
  }
},
{
  "model": "admin.logentry",
  "pk": 83,
  "fields": {
    "action_time": "2022-02-18T08:02:46.023Z",
    "user": [
      "admin"
    ],
    "content_type": [
      "taggit",
      "tag"
    ],
    "object_id": "7",
    "object_repr": "haha",
    "action_flag": 3,
    "change_message": ""
  }
},
{
  "model": "admin.logentry",
  "pk": 84,
  "fields": {
    "action_time": "2022-02-18T08:02:46.068Z",
    "user": [
      "admin"
    ],
    "content_type": [
      "taggit",
      "tag"
    ],
    "object_id": "12",
    "object_repr": "hatag.tag1",
    "action_flag": 3,
    "change_message": ""
  }
},
{
  "model": "admin.logentry",
  "pk": 85,
  "fields": {
    "action_time": "2022-02-18T08:02:46.217Z",
    "user": [
      "admin"
    ],
    "content_type": [
      "taggit",
      "tag"
    ],
    "object_id": "8",
    "object_repr": "hghfhd",
    "action_flag": 3,
    "change_message": ""
  }
},
{
  "model": "admin.logentry",
  "pk": 86,
  "fields": {
    "action_time": "2022-02-18T08:02:46.262Z",
    "user": [
      "admin"
    ],
    "content_type": [
      "taggit",
      "tag"
    ],
    "object_id": "11",
    "object_repr": "hoho",
    "action_flag": 3,
    "change_message": ""
  }
},
{
  "model": "admin.logentry",
  "pk": 87,
  "fields": {
    "action_time": "2022-02-18T08:02:46.292Z",
    "user": [
      "admin"
    ],
    "content_type": [
      "taggit",
      "tag"
    ],
    "object_id": "24",
    "object_repr": "hohoho",
    "action_flag": 3,
    "change_message": ""
  }
},
{
  "model": "admin.logentry",
  "pk": 88,
  "fields": {
    "action_time": "2022-02-18T08:02:46.348Z",
    "user": [
      "admin"
    ],
    "content_type": [
      "taggit",
      "tag"
    ],
    "object_id": "6",
    "object_repr": "koko",
    "action_flag": 3,
    "change_message": ""
  }
},
{
  "model": "admin.logentry",
  "pk": 89,
  "fields": {
    "action_time": "2022-02-18T08:02:46.400Z",
    "user": [
      "admin"
    ],
    "content_type": [
      "taggit",
      "tag"
    ],
    "object_id": "4",
    "object_repr": "mytag",
    "action_flag": 3,
    "change_message": ""
  }
},
{
  "model": "admin.logentry",
  "pk": 90,
  "fields": {
    "action_time": "2022-02-18T08:02:46.453Z",
    "user": [
      "admin"
    ],
    "content_type": [
      "taggit",
      "tag"
    ],
    "object_id": "19",
    "object_repr": "nature",
    "action_flag": 3,
    "change_message": ""
  }
},
{
  "model": "admin.logentry",
  "pk": 91,
  "fields": {
    "action_time": "2022-02-18T08:02:46.511Z",
    "user": [
      "admin"
    ],
    "content_type": [
      "taggit",
      "tag"
    ],
    "object_id": "1",
    "object_repr": "tag1",
    "action_flag": 3,
    "change_message": ""
  }
},
{
  "model": "admin.logentry",
  "pk": 92,
  "fields": {
    "action_time": "2022-02-18T08:02:46.553Z",
    "user": [
      "admin"
    ],
    "content_type": [
      "taggit",
      "tag"
    ],
    "object_id": "2",
    "object_repr": "tag2",
    "action_flag": 3,
    "change_message": ""
  }
},
{
  "model": "admin.logentry",
  "pk": 93,
  "fields": {
    "action_time": "2022-02-18T08:02:46.600Z",
    "user": [
      "admin"
    ],
    "content_type": [
      "taggit",
      "tag"
    ],
    "object_id": "3",
    "object_repr": "tag3",
    "action_flag": 3,
    "change_message": ""
  }
},
{
  "model": "admin.logentry",
  "pk": 94,
  "fields": {
    "action_time": "2022-02-18T08:02:46.730Z",
    "user": [
      "admin"
    ],
    "content_type": [
      "taggit",
      "tag"
    ],
    "object_id": "9",
    "object_repr": "tt1",
    "action_flag": 3,
    "change_message": ""
  }
},
{
  "model": "admin.logentry",
  "pk": 95,
  "fields": {
    "action_time": "2022-02-18T08:02:46.757Z",
    "user": [
      "admin"
    ],
    "content_type": [
      "taggit",
      "tag"
    ],
    "object_id": "13",
    "object_repr": "x99",
    "action_flag": 3,
    "change_message": ""
  }
},
{
  "model": "admin.logentry",
  "pk": 96,
  "fields": {
    "action_time": "2022-02-18T08:03:20.511Z",
    "user": [
      "admin"
    ],
    "content_type": [
      "auth",
      "user"
    ],
    "object_id": "2",
    "object_repr": "user10",
    "action_flag": 3,
    "change_message": ""
  }
},
{
  "model": "admin.logentry",
  "pk": 97,
  "fields": {
    "action_time": "2022-02-18T08:03:20.579Z",
    "user": [
      "admin"
    ],
    "content_type": [
      "auth",
      "user"
    ],
    "object_id": "13",
    "object_repr": "user2",
    "action_flag": 3,
    "change_message": ""
  }
},
{
  "model": "admin.logentry",
  "pk": 98,
  "fields": {
    "action_time": "2022-02-18T08:03:20.686Z",
    "user": [
      "admin"
    ],
    "content_type": [
      "auth",
      "user"
    ],
    "object_id": "14",
    "object_repr": "user3",
    "action_flag": 3,
    "change_message": ""
  }
},
{
  "model": "admin.logentry",
  "pk": 99,
  "fields": {
    "action_time": "2022-02-18T08:03:20.808Z",
    "user": [
      "admin"
    ],
    "content_type": [
      "auth",
      "user"
    ],
    "object_id": "15",
    "object_repr": "user4",
    "action_flag": 3,
    "change_message": ""
  }
},
{
  "model": "admin.logentry",
  "pk": 100,
  "fields": {
    "action_time": "2022-02-18T08:03:20.964Z",
    "user": [
      "admin"
    ],
    "content_type": [
      "auth",
      "user"
    ],
    "object_id": "16",
    "object_repr": "user5",
    "action_flag": 3,
    "change_message": ""
  }
},
{
  "model": "admin.logentry",
  "pk": 101,
  "fields": {
    "action_time": "2022-02-18T08:03:21.041Z",
    "user": [
      "admin"
    ],
    "content_type": [
      "auth",
      "user"
    ],
    "object_id": "17",
    "object_repr": "user6",
    "action_flag": 3,
    "change_message": ""
  }
},
{
  "model": "admin.logentry",
  "pk": 102,
  "fields": {
    "action_time": "2022-02-18T08:03:21.107Z",
    "user": [
      "admin"
    ],
    "content_type": [
      "auth",
      "user"
    ],
    "object_id": "21",
    "object_repr": "user67",
    "action_flag": 3,
    "change_message": ""
  }
},
{
  "model": "admin.logentry",
  "pk": 103,
  "fields": {
    "action_time": "2022-02-18T08:03:21.247Z",
    "user": [
      "admin"
    ],
    "content_type": [
      "auth",
      "user"
    ],
    "object_id": "18",
    "object_repr": "user7",
    "action_flag": 3,
    "change_message": ""
  }
},
{
  "model": "admin.logentry",
  "pk": 104,
  "fields": {
    "action_time": "2022-02-18T08:03:21.404Z",
    "user": [
      "admin"
    ],
    "content_type": [
      "auth",
      "user"
    ],
    "object_id": "19",
    "object_repr": "user8",
    "action_flag": 3,
    "change_message": ""
  }
},
{
  "model": "admin.logentry",
  "pk": 105,
  "fields": {
    "action_time": "2022-02-18T08:03:21.523Z",
    "user": [
      "admin"
    ],
    "content_type": [
      "auth",
      "user"
    ],
    "object_id": "20",
    "object_repr": "user97",
    "action_flag": 3,
    "change_message": ""
  }
},
{
  "model": "admin.logentry",
  "pk": 106,
  "fields": {
    "action_time": "2022-02-18T08:03:43.476Z",
    "user": [
      "admin"
    ],
    "content_type": [
      "articles",
      "articlecategory"
    ],
    "object_id": "3",
    "object_repr": "Art",
    "action_flag": 3,
    "change_message": ""
  }
},
{
  "model": "admin.logentry",
  "pk": 107,
  "fields": {
    "action_time": "2022-02-18T08:03:43.562Z",
    "user": [
      "admin"
    ],
    "content_type": [
      "articles",
      "articlecategory"
    ],
    "object_id": "5",
    "object_repr": "Cooking",
    "action_flag": 3,
    "change_message": ""
  }
},
{
  "model": "admin.logentry",
  "pk": 108,
  "fields": {
    "action_time": "2022-02-18T08:03:43.620Z",
    "user": [
      "admin"
    ],
    "content_type": [
      "articles",
      "articlecategory"
    ],
    "object_id": "4",
    "object_repr": "IT",
    "action_flag": 3,
    "change_message": ""
  }
},
{
  "model": "admin.logentry",
  "pk": 109,
  "fields": {
    "action_time": "2022-02-18T08:03:43.665Z",
    "user": [
      "admin"
    ],
    "content_type": [
      "articles",
      "articlecategory"
    ],
    "object_id": "6",
    "object_repr": "News",
    "action_flag": 3,
    "change_message": ""
  }
},
{
  "model": "admin.logentry",
  "pk": 110,
  "fields": {
    "action_time": "2022-02-18T08:03:43.706Z",
    "user": [
      "admin"
    ],
    "content_type": [
      "articles",
      "articlecategory"
    ],
    "object_id": "2",
    "object_repr": "Science",
    "action_flag": 3,
    "change_message": ""
  }
},
{
  "model": "admin.logentry",
  "pk": 111,
  "fields": {
    "action_time": "2022-02-18T08:03:43.769Z",
    "user": [
      "admin"
    ],
    "content_type": [
      "articles",
      "articlecategory"
    ],
    "object_id": "1",
    "object_repr": "Sport",
    "action_flag": 3,
    "change_message": ""
  }
},
{
  "model": "admin.logentry",
  "pk": 112,
  "fields": {
    "action_time": "2022-02-18T08:03:43.854Z",
    "user": [
      "admin"
    ],
    "content_type": [
      "articles",
      "articlecategory"
    ],
    "object_id": "7",
    "object_repr": "Travelling",
    "action_flag": 3,
    "change_message": ""
  }
},
{
  "model": "admin.logentry",
  "pk": 113,
  "fields": {
    "action_time": "2022-02-18T08:04:57.469Z",
    "user": [
      "admin"
    ],
    "content_type": [
      "articles",
      "article"
    ],
    "object_id": "19",
    "object_repr": "abc",
    "action_flag": 3,
    "change_message": ""
  }
},
{
  "model": "admin.logentry",
  "pk": 114,
  "fields": {
    "action_time": "2022-02-18T08:04:57.521Z",
    "user": [
      "admin"
    ],
    "content_type": [
      "articles",
      "article"
    ],
    "object_id": "14",
    "object_repr": "How to cook outside and not to get mad because of a grizzly bear",
    "action_flag": 3,
    "change_message": ""
  }
},
{
  "model": "admin.logentry",
  "pk": 115,
  "fields": {
    "action_time": "2022-02-18T08:04:57.570Z",
    "user": [
      "admin"
    ],
    "content_type": [
      "articles",
      "article"
    ],
    "object_id": "13",
    "object_repr": "hahaha",
    "action_flag": 3,
    "change_message": ""
  }
},
{
  "model": "admin.logentry",
  "pk": 116,
  "fields": {
    "action_time": "2022-02-18T08:04:57.620Z",
    "user": [
      "admin"
    ],
    "content_type": [
      "articles",
      "article"
    ],
    "object_id": "12",
    "object_repr": "tt",
    "action_flag": 3,
    "change_message": ""
  }
},
{
  "model": "admin.logentry",
  "pk": 117,
  "fields": {
    "action_time": "2022-02-18T08:04:57.678Z",
    "user": [
      "admin"
    ],
    "content_type": [
      "articles",
      "article"
    ],
    "object_id": "11",
    "object_repr": "ko ko ko",
    "action_flag": 3,
    "change_message": ""
  }
},
{
  "model": "admin.logentry",
  "pk": 118,
  "fields": {
    "action_time": "2022-02-18T08:04:57.743Z",
    "user": [
      "admin"
    ],
    "content_type": [
      "articles",
      "article"
    ],
    "object_id": "10",
    "object_repr": "aaa",
    "action_flag": 3,
    "change_message": ""
  }
},
{
  "model": "admin.logentry",
  "pk": 119,
  "fields": {
    "action_time": "2022-02-18T08:04:57.801Z",
    "user": [
      "admin"
    ],
    "content_type": [
      "articles",
      "article"
    ],
    "object_id": "6",
    "object_repr": "Article dfdsnfkds",
    "action_flag": 3,
    "change_message": ""
  }
},
{
  "model": "admin.logentry",
  "pk": 120,
  "fields": {
    "action_time": "2022-02-18T08:04:57.852Z",
    "user": [
      "admin"
    ],
    "content_type": [
      "articles",
      "article"
    ],
    "object_id": "5",
    "object_repr": "New article with some quite a long title for some testing!",
    "action_flag": 3,
    "change_message": ""
  }
},
{
  "model": "admin.logentry",
  "pk": 121,
  "fields": {
    "action_time": "2022-02-18T08:04:57.917Z",
    "user": [
      "admin"
    ],
    "content_type": [
      "articles",
      "article"
    ],
    "object_id": "4",
    "object_repr": "a4",
    "action_flag": 3,
    "change_message": ""
  }
},
{
  "model": "admin.logentry",
  "pk": 122,
  "fields": {
    "action_time": "2022-02-18T08:04:58.014Z",
    "user": [
      "admin"
    ],
    "content_type": [
      "articles",
      "article"
    ],
    "object_id": "3",
    "object_repr": "a3sport",
    "action_flag": 3,
    "change_message": ""
  }
},
{
  "model": "admin.logentry",
  "pk": 123,
  "fields": {
    "action_time": "2022-02-18T08:04:58.066Z",
    "user": [
      "admin"
    ],
    "content_type": [
      "articles",
      "article"
    ],
    "object_id": "2",
    "object_repr": "Article 2",
    "action_flag": 3,
    "change_message": ""
  }
},
{
  "model": "admin.logentry",
  "pk": 124,
  "fields": {
    "action_time": "2022-02-18T08:04:58.155Z",
    "user": [
      "admin"
    ],
    "content_type": [
      "articles",
      "article"
    ],
    "object_id": "1",
    "object_repr": "First sport article",
    "action_flag": 3,
    "change_message": ""
  }
},
{
  "model": "admin.logentry",
  "pk": 125,
  "fields": {
    "action_time": "2022-02-18T08:08:12.571Z",
    "user": [
      "admin"
    ],
    "content_type": [
      "articles",
      "articlecategory"
    ],
    "object_id": "8",
    "object_repr": "Technologies",
    "action_flag": 1,
    "change_message": "[{\"added\": {}}]"
  }
},
{
  "model": "admin.logentry",
  "pk": 126,
  "fields": {
    "action_time": "2022-02-18T08:08:43.857Z",
    "user": [
      "admin"
    ],
    "content_type": [
      "articles",
      "articlecategory"
    ],
    "object_id": "9",
    "object_repr": "Cooking",
    "action_flag": 1,
    "change_message": "[{\"added\": {}}]"
  }
},
{
  "model": "admin.logentry",
  "pk": 127,
  "fields": {
    "action_time": "2022-02-18T08:23:02.957Z",
    "user": [
      "admin"
    ],
    "content_type": [
      "articles",
      "article"
    ],
    "object_id": "20",
    "object_repr": "Python programming tutorial #1",
    "action_flag": 1,
    "change_message": "[{\"added\": {}}]"
  }
},
{
  "model": "admin.logentry",
  "pk": 128,
  "fields": {
    "action_time": "2022-02-18T08:23:44.365Z",
    "user": [
      "admin"
    ],
    "content_type": [
      "articles",
      "article"
    ],
    "object_id": "20",
    "object_repr": "Python programming tutorial #1",
    "action_flag": 2,
    "change_message": "[{\"changed\": {\"fields\": [\"Tags\"]}}]"
  }
},
{
  "model": "admin.logentry",
  "pk": 129,
  "fields": {
    "action_time": "2022-02-18T08:25:06.174Z",
    "user": [
      "admin"
    ],
    "content_type": [
      "articles",
      "article"
    ],
    "object_id": "20",
    "object_repr": "Python programming tutorial #1",
    "action_flag": 2,
    "change_message": "[{\"changed\": {\"fields\": [\"Content\"]}}]"
  }
},
{
  "model": "admin.logentry",
  "pk": 130,
  "fields": {
    "action_time": "2022-02-18T08:34:17.301Z",
    "user": [
      "admin"
    ],
    "content_type": [
      "articles",
      "article"
    ],
    "object_id": "20",
    "object_repr": "Classic Ukrainian Borscht recipe",
    "action_flag": 2,
    "change_message": "[{\"changed\": {\"fields\": [\"Title\", \"Slug\", \"Category\", \"Tags\", \"Preview image\", \"Views count\"]}}]"
  }
},
{
  "model": "admin.logentry",
  "pk": 131,
  "fields": {
    "action_time": "2022-02-18T08:36:24.785Z",
    "user": [
      "admin"
    ],
    "content_type": [
      "articles",
      "article"
    ],
    "object_id": "21",
    "object_repr": "Python programming tutorial #1",
    "action_flag": 1,
    "change_message": "[{\"added\": {}}]"
  }
},
{
  "model": "admin.logentry",
  "pk": 132,
  "fields": {
    "action_time": "2022-02-18T08:44:40.268Z",
    "user": [
      "admin"
    ],
    "content_type": [
      "articles",
      "article"
    ],
    "object_id": "20",
    "object_repr": "Classic Ukrainian Borscht recipe",
    "action_flag": 2,
    "change_message": "[{\"added\": {\"name\": \"article comment\", \"object\": \"Classic Ukrainian Borscht recipe - user2 - Nice recipe! Very tasty!\"}}, {\"added\": {\"name\": \"article comment\", \"object\": \"Classic Ukrainian Borscht recipe - user3 - Cool! I'll try to cook it...\"}}]"
  }
},
{
  "model": "admin.logentry",
  "pk": 133,
  "fields": {
    "action_time": "2022-02-18T08:48:29.238Z",
    "user": [
      "admin"
    ],
    "content_type": [
      "articles",
      "article"
    ],
    "object_id": "21",
    "object_repr": "Python programming tutorial #1",
    "action_flag": 2,
    "change_message": "[{\"added\": {\"name\": \"article comment\", \"object\": \"Python programming tutorial #1 - user3 - Nice article!\"}}, {\"added\": {\"name\": \"article comment\", \"object\": \"Python programming tutorial #1 - user2 - Thank you for this tutori...\"}}]"
  }
},
{
  "model": "admin.logentry",
  "pk": 134,
  "fields": {
    "action_time": "2022-02-18T08:48:49.553Z",
    "user": [
      "admin"
    ],
    "content_type": [
      "articles",
      "article"
    ],
    "object_id": "22",
    "object_repr": "Python programming tutorial #2",
    "action_flag": 1,
    "change_message": "[{\"added\": {}}, {\"added\": {\"name\": \"article comment\", \"object\": \"Python programming tutorial #2 - user3 - Nice article!\"}}, {\"added\": {\"name\": \"article comment\", \"object\": \"Python programming tutorial #2 - user2 - Thank you for this tutori...\"}}]"
  }
},
{
  "model": "admin.logentry",
  "pk": 135,
  "fields": {
    "action_time": "2022-02-18T08:52:09.723Z",
    "user": [
      "admin"
    ],
    "content_type": [
      "articles",
      "article"
    ],
    "object_id": "20",
    "object_repr": "Classic Ukrainian Borscht recipe",
    "action_flag": 2,
    "change_message": "[{\"changed\": {\"fields\": [\"Users that liked\"]}}]"
  }
},
{
  "model": "admin.logentry",
  "pk": 136,
  "fields": {
    "action_time": "2022-02-18T09:55:19.958Z",
    "user": [
      "admin"
    ],
    "content_type": [
      "articles",
      "article"
    ],
    "object_id": "23",
    "object_repr": "How to make Pizza at home",
    "action_flag": 1,
    "change_message": "[{\"added\": {}}, {\"added\": {\"name\": \"article comment\", \"object\": \"How to make Pizza at home - user2 - Nice recipe! Very tasty!\"}}, {\"added\": {\"name\": \"article comment\", \"object\": \"How to make Pizza at home - user3 - Cool! I'll try to cook it...\"}}]"
  }
},
{
  "model": "admin.logentry",
  "pk": 137,
  "fields": {
    "action_time": "2022-02-18T09:58:20.366Z",
    "user": [
      "admin"
    ],
    "content_type": [
      "articles",
      "article"
    ],
    "object_id": "24",
    "object_repr": "C# programming tutorial #1",
    "action_flag": 1,
    "change_message": "[{\"added\": {}}, {\"added\": {\"name\": \"article comment\", \"object\": \"C# programming tutorial #1 - user3 - Nice article!\"}}, {\"added\": {\"name\": \"article comment\", \"object\": \"C# programming tutorial #1 - user1 - Thank you for this tutori...\"}}]"
  }
},
{
  "model": "admin.logentry",
  "pk": 138,
  "fields": {
    "action_time": "2022-02-18T09:59:44.031Z",
    "user": [
      "admin"
    ],
    "content_type": [
      "articles",
      "article"
    ],
    "object_id": "25",
    "object_repr": "SQL programming tutorial #1",
    "action_flag": 1,
    "change_message": "[{\"added\": {}}, {\"added\": {\"name\": \"article comment\", \"object\": \"SQL programming tutorial #1 - user3 - Nice article!\"}}, {\"added\": {\"name\": \"article comment\", \"object\": \"SQL programming tutorial #1 - user1 - Thank you for this tutori...\"}}]"
  }
},
{
  "model": "admin.logentry",
  "pk": 139,
  "fields": {
    "action_time": "2022-02-18T10:00:05.480Z",
    "user": [
      "admin"
    ],
    "content_type": [
      "articles",
      "article"
    ],
    "object_id": "26",
    "object_repr": "SQL programming tutorial #2",
    "action_flag": 1,
    "change_message": "[{\"added\": {}}, {\"added\": {\"name\": \"article comment\", \"object\": \"SQL programming tutorial #2 - user3 - Nice article!\"}}, {\"added\": {\"name\": \"article comment\", \"object\": \"SQL programming tutorial #2 - user1 - Thank you for this tutori...\"}}]"
  }
},
{
  "model": "admin.logentry",
  "pk": 140,
  "fields": {
    "action_time": "2022-02-18T10:00:18.439Z",
    "user": [
      "admin"
    ],
    "content_type": [
      "articles",
      "article"
    ],
    "object_id": "27",
    "object_repr": "SQL programming tutorial #3",
    "action_flag": 1,
    "change_message": "[{\"added\": {}}, {\"added\": {\"name\": \"article comment\", \"object\": \"SQL programming tutorial #3 - user3 - Nice article!\"}}, {\"added\": {\"name\": \"article comment\", \"object\": \"SQL programming tutorial #3 - user1 - Thank you for this tutori...\"}}]"
  }
},
{
  "model": "admin.logentry",
  "pk": 141,
  "fields": {
    "action_time": "2022-02-18T10:01:52.680Z",
    "user": [
      "admin"
    ],
    "content_type": [
      "articles",
      "articlecategory"
    ],
    "object_id": "10",
    "object_repr": "News",
    "action_flag": 1,
    "change_message": "[{\"added\": {}}]"
  }
},
{
  "model": "admin.logentry",
  "pk": 142,
  "fields": {
    "action_time": "2022-02-18T10:02:15.716Z",
    "user": [
      "admin"
    ],
    "content_type": [
      "articles",
      "articlecategory"
    ],
    "object_id": "11",
    "object_repr": "Art",
    "action_flag": 1,
    "change_message": "[{\"added\": {}}]"
  }
},
{
  "model": "admin.logentry",
  "pk": 143,
  "fields": {
    "action_time": "2022-02-18T10:03:17.710Z",
    "user": [
      "admin"
    ],
    "content_type": [
      "articles",
      "articlecategory"
    ],
    "object_id": "12",
    "object_repr": "Sport",
    "action_flag": 1,
    "change_message": "[{\"added\": {}}]"
  }
},
{
  "model": "admin.logentry",
  "pk": 144,
  "fields": {
    "action_time": "2022-02-18T10:14:20.035Z",
    "user": [
      "admin"
    ],
    "content_type": [
      "articles",
      "article"
    ],
    "object_id": "28",
    "object_repr": "Renaissance art history",
    "action_flag": 1,
    "change_message": "[{\"added\": {}}]"
  }
},
{
  "model": "admin.logentry",
  "pk": 145,
  "fields": {
    "action_time": "2022-02-18T10:16:29.056Z",
    "user": [
      "admin"
    ],
    "content_type": [
      "articles",
      "article"
    ],
    "object_id": "29",
    "object_repr": "C# programming tutorial #2",
    "action_flag": 1,
    "change_message": "[{\"added\": {}}, {\"added\": {\"name\": \"article comment\", \"object\": \"C# programming tutorial #2 - user3 - Nice article!\"}}, {\"added\": {\"name\": \"article comment\", \"object\": \"C# programming tutorial #2 - user1 - Thank you for this tutori...\"}}]"
  }
},
{
  "model": "admin.logentry",
  "pk": 146,
  "fields": {
    "action_time": "2022-02-18T10:16:45.677Z",
    "user": [
      "admin"
    ],
    "content_type": [
      "articles",
      "article"
    ],
    "object_id": "30",
    "object_repr": "C# programming tutorial #3",
    "action_flag": 1,
    "change_message": "[{\"added\": {}}, {\"added\": {\"name\": \"article comment\", \"object\": \"C# programming tutorial #3 - user3 - Nice article!\"}}, {\"added\": {\"name\": \"article comment\", \"object\": \"C# programming tutorial #3 - user1 - Thank you for this tutori...\"}}]"
  }
},
{
  "model": "admin.logentry",
  "pk": 147,
  "fields": {
    "action_time": "2022-02-18T10:20:25.591Z",
    "user": [
      "admin"
    ],
    "content_type": [
      "articles",
      "article"
    ],
    "object_id": "28",
    "object_repr": "Renaissance art history. Part 1",
    "action_flag": 2,
    "change_message": "[{\"changed\": {\"fields\": [\"Title\", \"Slug\"]}}]"
  }
},
{
  "model": "admin.logentry",
  "pk": 148,
  "fields": {
    "action_time": "2022-02-18T10:20:35.160Z",
    "user": [
      "admin"
    ],
    "content_type": [
      "articles",
      "article"
    ],
    "object_id": "31",
    "object_repr": "Renaissance art history. Part 2",
    "action_flag": 1,
    "change_message": "[{\"added\": {}}]"
  }
},
{
  "model": "admin.logentry",
  "pk": 149,
  "fields": {
    "action_time": "2022-02-18T10:23:12.286Z",
    "user": [
      "admin"
    ],
    "content_type": [
      "articles",
      "article"
    ],
    "object_id": "32",
    "object_repr": "How to make Lasagna at home",
    "action_flag": 1,
    "change_message": "[{\"added\": {}}, {\"added\": {\"name\": \"article comment\", \"object\": \"How to make Lasagna at home - user2 - Nice recipe! Very tasty!\"}}, {\"added\": {\"name\": \"article comment\", \"object\": \"How to make Lasagna at home - user3 - Cool! I'll try to cook it...\"}}]"
  }
},
{
  "model": "admin.logentry",
  "pk": 150,
  "fields": {
    "action_time": "2022-02-18T10:24:09.448Z",
    "user": [
      "admin"
    ],
    "content_type": [
      "articles",
      "article"
    ],
    "object_id": "33",
    "object_repr": "How to cook Pasta at home",
    "action_flag": 1,
    "change_message": "[{\"added\": {}}, {\"added\": {\"name\": \"article comment\", \"object\": \"How to cook Pasta at home - user2 - Nice recipe! Very tasty!\"}}, {\"added\": {\"name\": \"article comment\", \"object\": \"How to cook Pasta at home - user3 - Cool! I'll try to cook it...\"}}]"
  }
},
{
  "model": "admin.logentry",
  "pk": 151,
  "fields": {
    "action_time": "2022-02-18T10:26:11.419Z",
    "user": [
      "admin"
    ],
    "content_type": [
      "articles",
      "article"
    ],
    "object_id": "34",
    "object_repr": "Python programming tutorial #3",
    "action_flag": 1,
    "change_message": "[{\"added\": {}}, {\"added\": {\"name\": \"article comment\", \"object\": \"Python programming tutorial #3 - user3 - Nice article!\"}}, {\"added\": {\"name\": \"article comment\", \"object\": \"Python programming tutorial #3 - user2 - Thank you for this tutori...\"}}]"
  }
},
{
  "model": "admin.logentry",
  "pk": 152,
  "fields": {
    "action_time": "2022-02-18T10:26:19.569Z",
    "user": [
      "admin"
    ],
    "content_type": [
      "articles",
      "article"
    ],
    "object_id": "35",
    "object_repr": "Python programming tutorial #4",
    "action_flag": 1,
    "change_message": "[{\"added\": {}}, {\"added\": {\"name\": \"article comment\", \"object\": \"Python programming tutorial #4 - user3 - Nice article!\"}}, {\"added\": {\"name\": \"article comment\", \"object\": \"Python programming tutorial #4 - user2 - Thank you for this tutori...\"}}]"
  }
},
{
  "model": "admin.logentry",
  "pk": 153,
  "fields": {
    "action_time": "2022-02-18T10:26:37.345Z",
    "user": [
      "admin"
    ],
    "content_type": [
      "articles",
      "article"
    ],
    "object_id": "36",
    "object_repr": "Python programming tutorial #5",
    "action_flag": 1,
    "change_message": "[{\"added\": {}}, {\"added\": {\"name\": \"article comment\", \"object\": \"Python programming tutorial #5 - user3 - Nice article!\"}}, {\"added\": {\"name\": \"article comment\", \"object\": \"Python programming tutorial #5 - user2 - Thank you for this tutori...\"}}]"
  }
},
{
  "model": "admin.logentry",
  "pk": 154,
  "fields": {
    "action_time": "2022-02-18T10:34:15.106Z",
    "user": [
      "admin"
    ],
    "content_type": [
      "articles",
      "article"
    ],
    "object_id": "37",
    "object_repr": "45,000 Marine Species Are at-Risk: Whats Most Vulnerable?",
    "action_flag": 1,
    "change_message": "[{\"added\": {}}]"
  }
},
{
  "model": "admin.logentry",
  "pk": 155,
  "fields": {
    "action_time": "2022-02-18T10:35:39.482Z",
    "user": [
      "admin"
    ],
    "content_type": [
      "articles",
      "article"
    ],
    "object_id": "37",
    "object_repr": "45,000 Marine Species Are at-Risk: Whats Most Vulnerable?",
    "action_flag": 2,
    "change_message": "[{\"changed\": {\"fields\": [\"Preview image\"]}}]"
  }
},
{
  "model": "admin.logentry",
  "pk": 156,
  "fields": {
    "action_time": "2022-02-18T10:41:19.600Z",
    "user": [
      "admin"
    ],
    "content_type": [
      "articles",
      "article"
    ],
    "object_id": "38",
    "object_repr": "Top 10 Greatest Cricketers Of All Time",
    "action_flag": 1,
    "change_message": "[{\"added\": {}}]"
  }
},
{
  "model": "admin.logentry",
  "pk": 157,
  "fields": {
    "action_time": "2022-02-18T10:41:52.061Z",
    "user": [
      "admin"
    ],
    "content_type": [
      "articles",
      "article"
    ],
    "object_id": "38",
    "object_repr": "Top 10 Greatest Cricketers Of All Time",
    "action_flag": 2,
    "change_message": "[{\"changed\": {\"fields\": [\"Views count\"]}}]"
  }
},
{
  "model": "admin.logentry",
  "pk": 158,
  "fields": {
    "action_time": "2022-02-18T10:43:05.635Z",
    "user": [
      "admin"
    ],
    "content_type": [
      "articles",
      "article"
    ],
    "object_id": "39",
    "object_repr": "Renaissance art history. Part 3",
    "action_flag": 1,
    "change_message": "[{\"added\": {}}]"
  }
},
{
  "model": "admin.logentry",
  "pk": 159,
  "fields": {
    "action_time": "2022-02-18T10:43:37.442Z",
    "user": [
      "admin"
    ],
    "content_type": [
      "articles",
      "article"
    ],
    "object_id": "40",
    "object_repr": "Classic Ukrainian Borscht recipe1",
    "action_flag": 1,
    "change_message": "[{\"added\": {}}, {\"added\": {\"name\": \"article comment\", \"object\": \"Classic Ukrainian Borscht recipe1 - user2 - Nice recipe! Very tasty!\"}}, {\"added\": {\"name\": \"article comment\", \"object\": \"Classic Ukrainian Borscht recipe1 - user3 - Cool! I'll try to cook it...\"}}]"
  }
},
{
  "model": "admin.logentry",
  "pk": 160,
  "fields": {
    "action_time": "2022-02-18T10:43:52.837Z",
    "user": [
      "admin"
    ],
    "content_type": [
      "articles",
      "article"
    ],
    "object_id": "20",
    "object_repr": "Classic Ukrainian Borscht recipe",
    "action_flag": 3,
    "change_message": ""
  }
},
{
  "model": "admin.logentry",
  "pk": 161,
  "fields": {
    "action_time": "2022-02-18T10:44:04.290Z",
    "user": [
      "admin"
    ],
    "content_type": [
      "articles",
      "article"
    ],
    "object_id": "40",
    "object_repr": "Classic Ukrainian Borscht recipe",
    "action_flag": 2,
    "change_message": "[{\"changed\": {\"fields\": [\"Title\", \"Slug\"]}}]"
  }
},
{
  "model": "admin.logentry",
  "pk": 162,
  "fields": {
    "action_time": "2022-02-18T10:50:47.026Z",
    "user": [
      "admin"
    ],
    "content_type": [
      "articles",
      "article"
    ],
    "object_id": "40",
    "object_repr": "Classic Ukrainian Borscht recipe",
    "action_flag": 2,
    "change_message": "[{\"changed\": {\"fields\": [\"Preview image\"]}}]"
  }
},
{
  "model": "admin.logentry",
  "pk": 163,
  "fields": {
    "action_time": "2022-02-18T10:53:51.451Z",
    "user": [
      "admin"
    ],
    "content_type": [
      "articles",
      "article"
    ],
    "object_id": "36",
    "object_repr": "Python programming tutorial #5",
    "action_flag": 2,
    "change_message": "[{\"changed\": {\"fields\": [\"Users that liked\"]}}]"
  }
},
{
  "model": "admin.logentry",
  "pk": 164,
  "fields": {
    "action_time": "2022-02-18T11:01:33.830Z",
    "user": [
      "admin"
    ],
    "content_type": [
      "articles",
      "article"
    ],
    "object_id": "40",
    "object_repr": "Classic Ukrainian Borscht recipe",
    "action_flag": 2,
    "change_message": "[{\"changed\": {\"fields\": [\"Content\"]}}]"
  }
},
{
  "model": "admin.logentry",
  "pk": 165,
  "fields": {
    "action_time": "2022-02-18T11:02:23.092Z",
    "user": [
      "admin"
    ],
    "content_type": [
      "articles",
      "article"
    ],
    "object_id": "39",
    "object_repr": "Renaissance art history. Part 3",
    "action_flag": 2,
    "change_message": "[{\"changed\": {\"fields\": [\"Content\"]}}]"
  }
},
{
  "model": "admin.logentry",
  "pk": 166,
  "fields": {
    "action_time": "2022-02-18T11:02:37.107Z",
    "user": [
      "admin"
    ],
    "content_type": [
      "articles",
      "article"
    ],
    "object_id": "38",
    "object_repr": "Top 10 Greatest Cricketers Of All Time",
    "action_flag": 2,
    "change_message": "[{\"changed\": {\"fields\": [\"Content\"]}}]"
  }
},
{
  "model": "admin.logentry",
  "pk": 167,
  "fields": {
    "action_time": "2022-02-18T11:02:49.495Z",
    "user": [
      "admin"
    ],
    "content_type": [
      "articles",
      "article"
    ],
    "object_id": "37",
    "object_repr": "45,000 Marine Species Are at-Risk: Whats Most Vulnerable?",
    "action_flag": 2,
    "change_message": "[{\"changed\": {\"fields\": [\"Content\"]}}]"
  }
},
{
  "model": "admin.logentry",
  "pk": 168,
  "fields": {
    "action_time": "2022-02-18T11:03:04.059Z",
    "user": [
      "admin"
    ],
    "content_type": [
      "articles",
      "article"
    ],
    "object_id": "36",
    "object_repr": "Python programming tutorial #5",
    "action_flag": 2,
    "change_message": "[{\"changed\": {\"fields\": [\"Content\"]}}]"
  }
},
{
  "model": "admin.logentry",
  "pk": 169,
  "fields": {
    "action_time": "2022-02-18T11:03:54.432Z",
    "user": [
      "admin"
    ],
    "content_type": [
      "articles",
      "article"
    ],
    "object_id": "21",
    "object_repr": "Python programming tutorial #1",
    "action_flag": 2,
    "change_message": "[{\"changed\": {\"fields\": [\"Content\"]}}, {\"changed\": {\"name\": \"article comment\", \"object\": \"Python programming tutorial #1 - admin - Just a comment\", \"fields\": [\"Users that liked\"]}}]"
  }
},
{
  "model": "admin.logentry",
  "pk": 170,
  "fields": {
    "action_time": "2022-02-18T11:06:23.687Z",
    "user": [
      "admin"
    ],
    "content_type": [
      "articles",
      "articlecomment"
    ],
    "object_id": "77",
    "object_repr": "Renaissance art history. Part 3 - user3 - Good article!",
    "action_flag": 1,
    "change_message": "[{\"added\": {}}]"
  }
}
]
