[
{
    "model": "taggit.tag",
    "pk": 25,
    "fields": {
        "name": "programming",
        "slug": "programming"
    }
},
{
    "model": "taggit.tag",
    "pk": 26,
    "fields": {
        "name": "python",
        "slug": "python"
    }
},
{
    "model": "taggit.tag",
    "pk": 27,
    "fields": {
        "name": "tutorials",
        "slug": "tutorials"
    }
},
{
    "model": "taggit.tag",
    "pk": 28,
    "fields": {
        "name": "soup-recipes",
        "slug": "soup-recipes"
    }
},
{
    "model": "taggit.tag",
    "pk": 29,
    "fields": {
        "name": "ukrainian-cuisine",
        "slug": "ukrainian-cuisine"
    }
},
{
    "model": "taggit.tag",
    "pk": 30,
    "fields": {
        "name": "italian-cuisine",
        "slug": "italian-cuisine"
    }
},
{
    "model": "taggit.tag",
    "pk": 31,
    "fields": {
        "name": "csharp",
        "slug": "csharp"
    }
},
{
    "model": "taggit.tag",
    "pk": 32,
    "fields": {
        "name": "sql",
        "slug": "sql"
    }
},
{
    "model": "taggit.tag",
    "pk": 33,
    "fields": {
        "name": "renaissance",
        "slug": "renaissance"
    }
},
{
    "model": "taggit.tag",
    "pk": 34,
    "fields": {
        "name": "history",
        "slug": "history"
    }
},
{
    "model": "taggit.tag",
    "pk": 35,
    "fields": {
        "name": "nature",
        "slug": "nature"
    }
},
{
    "model": "taggit.tag",
    "pk": 36,
    "fields": {
        "name": "marine-life",
        "slug": "marine-life"
    }
},
{
    "model": "taggit.tag",
    "pk": 37,
    "fields": {
        "name": "top10",
        "slug": "top10"
    }
},
{
    "model": "taggit.tag",
    "pk": 38,
    "fields": {
        "name": "cricket",
        "slug": "cricket"
    }
},
{
    "model": "taggit.tag",
    "pk": 39,
    "fields": {
        "name": "animals",
        "slug": "animals"
    }
},
{
    "model": "taggit.tag",
    "pk": 40,
    "fields": {
        "name": "endangered-species",
        "slug": "endangered-species"
    }
},
{
    "model": "taggit.tag",
    "pk": 41,
    "fields": {
        "name": "zoo",
        "slug": "zoo"
    }
},
{
    "model": "taggit.tag",
    "pk": 42,
    "fields": {
        "name": "football",
        "slug": "football"
    }
},
{
    "model": "taggit.tag",
    "pk": 43,
    "fields": {
        "name": "acrylics",
        "slug": "acrylics"
    }
},
{
    "model": "taggit.tag",
    "pk": 44,
    "fields": {
        "name": "painting",
        "slug": "painting"
    }
},
{
    "model": "taggit.tag",
    "pk": 45,
    "fields": {
        "name": "japanese-cuisine",
        "slug": "japanese-cuisine"
    }
},
{
    "model": "taggit.tag",
    "pk": 46,
    "fields": {
        "name": "sushi",
        "slug": "sushi"
    }
},
{
    "model": "taggit.taggeditem",
    "pk": 35,
    "fields": {
        "tag": 25,
        "content_type": 14,
        "object_id": 21
    }
},
{
    "model": "taggit.taggeditem",
    "pk": 36,
    "fields": {
        "tag": 26,
        "content_type": 14,
        "object_id": 21
    }
},
{
    "model": "taggit.taggeditem",
    "pk": 37,
    "fields": {
        "tag": 27,
        "content_type": 14,
        "object_id": 21
    }
},
{
    "model": "taggit.taggeditem",
    "pk": 38,
    "fields": {
        "tag": 25,
        "content_type": 14,
        "object_id": 22
    }
},
{
    "model": "taggit.taggeditem",
    "pk": 39,
    "fields": {
        "tag": 26,
        "content_type": 14,
        "object_id": 22
    }
},
{
    "model": "taggit.taggeditem",
    "pk": 40,
    "fields": {
        "tag": 27,
        "content_type": 14,
        "object_id": 22
    }
},
{
    "model": "taggit.taggeditem",
    "pk": 41,
    "fields": {
        "tag": 27,
        "content_type": 14,
        "object_id": 23
    }
},
{
    "model": "taggit.taggeditem",
    "pk": 42,
    "fields": {
        "tag": 30,
        "content_type": 14,
        "object_id": 23
    }
},
{
    "model": "taggit.taggeditem",
    "pk": 43,
    "fields": {
        "tag": 25,
        "content_type": 14,
        "object_id": 24
    }
},
{
    "model": "taggit.taggeditem",
    "pk": 44,
    "fields": {
        "tag": 27,
        "content_type": 14,
        "object_id": 24
    }
},
{
    "model": "taggit.taggeditem",
    "pk": 45,
    "fields": {
        "tag": 31,
        "content_type": 14,
        "object_id": 24
    }
},
{
    "model": "taggit.taggeditem",
    "pk": 46,
    "fields": {
        "tag": 32,
        "content_type": 14,
        "object_id": 25
    }
},
{
    "model": "taggit.taggeditem",
    "pk": 47,
    "fields": {
        "tag": 25,
        "content_type": 14,
        "object_id": 25
    }
},
{
    "model": "taggit.taggeditem",
    "pk": 48,
    "fields": {
        "tag": 27,
        "content_type": 14,
        "object_id": 25
    }
},
{
    "model": "taggit.taggeditem",
    "pk": 49,
    "fields": {
        "tag": 32,
        "content_type": 14,
        "object_id": 26
    }
},
{
    "model": "taggit.taggeditem",
    "pk": 50,
    "fields": {
        "tag": 25,
        "content_type": 14,
        "object_id": 26
    }
},
{
    "model": "taggit.taggeditem",
    "pk": 51,
    "fields": {
        "tag": 27,
        "content_type": 14,
        "object_id": 26
    }
},
{
    "model": "taggit.taggeditem",
    "pk": 52,
    "fields": {
        "tag": 32,
        "content_type": 14,
        "object_id": 27
    }
},
{
    "model": "taggit.taggeditem",
    "pk": 53,
    "fields": {
        "tag": 25,
        "content_type": 14,
        "object_id": 27
    }
},
{
    "model": "taggit.taggeditem",
    "pk": 54,
    "fields": {
        "tag": 27,
        "content_type": 14,
        "object_id": 27
    }
},
{
    "model": "taggit.taggeditem",
    "pk": 55,
    "fields": {
        "tag": 33,
        "content_type": 14,
        "object_id": 28
    }
},
{
    "model": "taggit.taggeditem",
    "pk": 56,
    "fields": {
        "tag": 34,
        "content_type": 14,
        "object_id": 28
    }
},
{
    "model": "taggit.taggeditem",
    "pk": 57,
    "fields": {
        "tag": 25,
        "content_type": 14,
        "object_id": 29
    }
},
{
    "model": "taggit.taggeditem",
    "pk": 58,
    "fields": {
        "tag": 27,
        "content_type": 14,
        "object_id": 29
    }
},
{
    "model": "taggit.taggeditem",
    "pk": 59,
    "fields": {
        "tag": 31,
        "content_type": 14,
        "object_id": 29
    }
},
{
    "model": "taggit.taggeditem",
    "pk": 60,
    "fields": {
        "tag": 25,
        "content_type": 14,
        "object_id": 30
    }
},
{
    "model": "taggit.taggeditem",
    "pk": 61,
    "fields": {
        "tag": 27,
        "content_type": 14,
        "object_id": 30
    }
},
{
    "model": "taggit.taggeditem",
    "pk": 62,
    "fields": {
        "tag": 31,
        "content_type": 14,
        "object_id": 30
    }
},
{
    "model": "taggit.taggeditem",
    "pk": 63,
    "fields": {
        "tag": 33,
        "content_type": 14,
        "object_id": 31
    }
},
{
    "model": "taggit.taggeditem",
    "pk": 64,
    "fields": {
        "tag": 34,
        "content_type": 14,
        "object_id": 31
    }
},
{
    "model": "taggit.taggeditem",
    "pk": 65,
    "fields": {
        "tag": 27,
        "content_type": 14,
        "object_id": 32
    }
},
{
    "model": "taggit.taggeditem",
    "pk": 66,
    "fields": {
        "tag": 30,
        "content_type": 14,
        "object_id": 32
    }
},
{
    "model": "taggit.taggeditem",
    "pk": 67,
    "fields": {
        "tag": 27,
        "content_type": 14,
        "object_id": 33
    }
},
{
    "model": "taggit.taggeditem",
    "pk": 68,
    "fields": {
        "tag": 30,
        "content_type": 14,
        "object_id": 33
    }
},
{
    "model": "taggit.taggeditem",
    "pk": 69,
    "fields": {
        "tag": 25,
        "content_type": 14,
        "object_id": 34
    }
},
{
    "model": "taggit.taggeditem",
    "pk": 70,
    "fields": {
        "tag": 26,
        "content_type": 14,
        "object_id": 34
    }
},
{
    "model": "taggit.taggeditem",
    "pk": 71,
    "fields": {
        "tag": 27,
        "content_type": 14,
        "object_id": 34
    }
},
{
    "model": "taggit.taggeditem",
    "pk": 72,
    "fields": {
        "tag": 25,
        "content_type": 14,
        "object_id": 35
    }
},
{
    "model": "taggit.taggeditem",
    "pk": 73,
    "fields": {
        "tag": 26,
        "content_type": 14,
        "object_id": 35
    }
},
{
    "model": "taggit.taggeditem",
    "pk": 74,
    "fields": {
        "tag": 27,
        "content_type": 14,
        "object_id": 35
    }
},
{
    "model": "taggit.taggeditem",
    "pk": 75,
    "fields": {
        "tag": 25,
        "content_type": 14,
        "object_id": 36
    }
},
{
    "model": "taggit.taggeditem",
    "pk": 76,
    "fields": {
        "tag": 26,
        "content_type": 14,
        "object_id": 36
    }
},
{
    "model": "taggit.taggeditem",
    "pk": 77,
    "fields": {
        "tag": 27,
        "content_type": 14,
        "object_id": 36
    }
},
{
    "model": "taggit.taggeditem",
    "pk": 78,
    "fields": {
        "tag": 35,
        "content_type": 14,
        "object_id": 37
    }
},
{
    "model": "taggit.taggeditem",
    "pk": 79,
    "fields": {
        "tag": 36,
        "content_type": 14,
        "object_id": 37
    }
},
{
    "model": "taggit.taggeditem",
    "pk": 80,
    "fields": {
        "tag": 37,
        "content_type": 14,
        "object_id": 38
    }
},
{
    "model": "taggit.taggeditem",
    "pk": 81,
    "fields": {
        "tag": 38,
        "content_type": 14,
        "object_id": 38
    }
},
{
    "model": "taggit.taggeditem",
    "pk": 82,
    "fields": {
        "tag": 33,
        "content_type": 14,
        "object_id": 39
    }
},
{
    "model": "taggit.taggeditem",
    "pk": 83,
    "fields": {
        "tag": 34,
        "content_type": 14,
        "object_id": 39
    }
},
{
    "model": "taggit.taggeditem",
    "pk": 84,
    "fields": {
        "tag": 27,
        "content_type": 14,
        "object_id": 40
    }
},
{
    "model": "taggit.taggeditem",
    "pk": 85,
    "fields": {
        "tag": 28,
        "content_type": 14,
        "object_id": 40
    }
},
{
    "model": "taggit.taggeditem",
    "pk": 86,
    "fields": {
        "tag": 29,
        "content_type": 14,
        "object_id": 40
    }
},
{
    "model": "taggit.taggeditem",
    "pk": 87,
    "fields": {
        "tag": 39,
        "content_type": 14,
        "object_id": 41
    }
},
{
    "model": "taggit.taggeditem",
    "pk": 88,
    "fields": {
        "tag": 40,
        "content_type": 14,
        "object_id": 41
    }
},
{
    "model": "taggit.taggeditem",
    "pk": 89,
    "fields": {
        "tag": 41,
        "content_type": 14,
        "object_id": 41
    }
},
{
    "model": "taggit.taggeditem",
    "pk": 90,
    "fields": {
        "tag": 42,
        "content_type": 14,
        "object_id": 42
    }
},
{
    "model": "taggit.taggeditem",
    "pk": 91,
    "fields": {
        "tag": 27,
        "content_type": 14,
        "object_id": 42
    }
},
{
    "model": "taggit.taggeditem",
    "pk": 92,
    "fields": {
        "tag": 43,
        "content_type": 14,
        "object_id": 43
    }
},
{
    "model": "taggit.taggeditem",
    "pk": 93,
    "fields": {
        "tag": 44,
        "content_type": 14,
        "object_id": 43
    }
},
{
    "model": "taggit.taggeditem",
    "pk": 94,
    "fields": {
        "tag": 27,
        "content_type": 14,
        "object_id": 43
    }
},
{
    "model": "taggit.taggeditem",
    "pk": 95,
    "fields": {
        "tag": 43,
        "content_type": 14,
        "object_id": 44
    }
},
{
    "model": "taggit.taggeditem",
    "pk": 96,
    "fields": {
        "tag": 44,
        "content_type": 14,
        "object_id": 44
    }
},
{
    "model": "taggit.taggeditem",
    "pk": 97,
    "fields": {
        "tag": 27,
        "content_type": 14,
        "object_id": 44
    }
},
{
    "model": "taggit.taggeditem",
    "pk": 98,
    "fields": {
        "tag": 25,
        "content_type": 14,
        "object_id": 45
    }
},
{
    "model": "taggit.taggeditem",
    "pk": 99,
    "fields": {
        "tag": 27,
        "content_type": 14,
        "object_id": 45
    }
},
{
    "model": "taggit.taggeditem",
    "pk": 100,
    "fields": {
        "tag": 45,
        "content_type": 14,
        "object_id": 46
    }
},
{
    "model": "taggit.taggeditem",
    "pk": 101,
    "fields": {
        "tag": 46,
        "content_type": 14,
        "object_id": 46
    }
},
{
    "model": "taggit.taggeditem",
    "pk": 102,
    "fields": {
        "tag": 27,
        "content_type": 14,
        "object_id": 46
    }
},
{
    "model": "articles.article",
    "pk": 21,
    "fields": {
        "title": "Python programming tutorial #1",
        "slug": "python-programming-tutorial-1",
        "category": 8,
        "author": 2,
        "preview_text": "Inhabiting discretion the her dispatched decisively boisterous joy. So form were wish open is able of mile of. Waiting express if prevent it we an musical. Especially reasonable travelling she son. Resources resembled forfeited no to zealously. Has procured daughter how friendly followed repeated who surprise. Great asked oh under on voice downs. Law together prospect kindness securing six. Learning why get hastened smallest cheerful. At ourselves direction believing do he departure. Celebrated winter had.",
        "preview_image": "",
        "content": "<p style=\"text-align:justify\">Lorem ipsum dolor sit amet, consectetur adipiscing elit. Donec pulvinar dui neque, vitae ornare ipsum gravida tincidunt. Fusce nec mi ex. Praesent consectetur fringilla urna ac dictum. Pellentesque ac risus at diam euismod commodo. Suspendisse id facilisis neque, ac sodales dolor. Nunc interdum nunc dictum ligula eleifend suscipit.&nbsp;<s>Quisque enim lectus, ultricies quis convallis quis, molestie ac nisl.</s>&nbsp;Curabitur ac dictum erat. Phasellus lectus nisl, viverra quis lacus nec, porttitor eleifend enim. Nunc massa velit, condimentum sit amet pellentesque vitae, placerat nec risus.&nbsp;<strong>Pellentesque aliquam enim dolor, et convallis nisi tristique sodales.</strong>&nbsp;Pellentesque ut maximus velit. Proin vitae libero in.</p>\r\n\r\n<p style=\"text-align:justify\"><img alt=\"Article image\" src=\"https://picsum.photos/1920/1080\" style=\"width:100%\" /></p>\r\n\r\n<p style=\"text-align:justify\">Lorem ipsum dolor sit amet, consectetur adipiscing elit. Phasellus hendrerit, arcu eget feugiat auctor, orci purus aliquet eros, ut vulputate tortor purus a diam. Maecenas vestibulum purus in diam blandit, consequat fringilla lacus gravida. Proin ultricies suscipit enim, nec molestie nulla ultrices ac. Curabitur vestibulum, mi non tristique suscipit, odio ligula placerat neque, id feugiat nibh tellus vitae justo. Pellentesque malesuada metus vel quam efficitur tincidunt. Ut eget dignissim felis, in tempor risus. Proin tincidunt gravida neque semper euismod. Mauris rutrum rutrum gravida. Maecenas ultricies diam vel lectus venenatis blandit.</p>\r\n\r\n<p style=\"text-align:justify\">Fusce eget neque at leo sagittis efficitur ut vestibulum nibh. Donec vel tortor sit amet ante interdum facilisis eget sit amet dui. Nulla quis leo eget augue rhoncus tristique eu eu nulla. Nullam maximus, nibh eu dignissim sodales, arcu ex porta urna, eget porttitor massa leo quis massa. Nulla bibendum euismod malesuada. Morbi non magna nec lorem ultrices pulvinar in in tellus. Mauris et efficitur sem, pulvinar ornare leo.</p>\r\n\r\n<p style=\"text-align:justify\">Nullam vel sollicitudin mauris. Suspendisse enim elit, scelerisque a varius sed, aliquet sed magna. Donec malesuada sem et pulvinar rhoncus. Nulla accumsan, nulla sed iaculis molestie, nulla nulla blandit dolor, sed egestas leo lectus eget leo. Maecenas pharetra fermentum neque, nec.</p>",
        "created_at": "2022-02-18T08:36:24.608Z",
        "modified_at": "2022-02-18T11:03:54.364Z",
        "is_published": true,
        "views_count": 515,
        "users_that_liked": []
    }
},
{
    "model": "articles.article",
    "pk": 22,
    "fields": {
        "title": "Python programming tutorial #2",
        "slug": "python-programming-tutorial-2",
        "category": 8,
        "author": 2,
        "preview_text": "Inhabiting discretion the her dispatched decisively boisterous joy. So form were wish open is able of mile of. Waiting express if prevent it we an musical. Especially reasonable travelling she son. Resources resembled forfeited no to zealously. Has procured daughter how friendly followed repeated who surprise. Great asked oh under on voice downs. Law together prospect kindness securing six. Learning why get hastened smallest cheerful. At ourselves direction believing do he departure. Celebrated winter had.",
        "preview_image": "",
        "content": "<p style=\"text-align:justify\">Lorem ipsum dolor sit amet, consectetur adipiscing elit. Donec pulvinar dui neque, vitae ornare ipsum gravida tincidunt. Fusce nec mi ex. Praesent consectetur fringilla urna ac dictum. Pellentesque ac risus at diam euismod commodo. Suspendisse id facilisis neque, ac sodales dolor. Nunc interdum nunc dictum ligula eleifend suscipit. Quisque enim lectus, ultricies quis convallis quis, molestie ac nisl. Curabitur ac dictum erat. Phasellus lectus nisl, viverra quis lacus nec, porttitor eleifend enim. Nunc massa velit, condimentum sit amet pellentesque vitae, placerat nec risus. Pellentesque aliquam enim dolor, et convallis nisi tristique sodales. Pellentesque ut maximus velit. Proin vitae libero in.</p>\r\n\r\n<p style=\"text-align:justify\"><img alt=\"Article image\" src=\"https://picsum.photos/1920/1080\" style=\"width:100%\" /></p>\r\n\r\n<p style=\"text-align:justify\">Lorem ipsum dolor sit amet, consectetur adipiscing elit. Phasellus hendrerit, arcu eget feugiat auctor, orci purus aliquet eros, ut vulputate tortor purus a diam. Maecenas vestibulum purus in diam blandit, consequat fringilla lacus gravida. Proin ultricies suscipit enim, nec molestie nulla ultrices ac. Curabitur vestibulum, mi non tristique suscipit, odio ligula placerat neque, id feugiat nibh tellus vitae justo. Pellentesque malesuada metus vel quam efficitur tincidunt. Ut eget dignissim felis, in tempor risus. Proin tincidunt gravida neque semper euismod. Mauris rutrum rutrum gravida. Maecenas ultricies diam vel lectus venenatis blandit.</p>\r\n\r\n<p style=\"text-align:justify\">Fusce eget neque at leo sagittis efficitur ut vestibulum nibh. Donec vel tortor sit amet ante interdum facilisis eget sit amet dui. Nulla quis leo eget augue rhoncus tristique eu eu nulla. Nullam maximus, nibh eu dignissim sodales, arcu ex porta urna, eget porttitor massa leo quis massa. Nulla bibendum euismod malesuada. Morbi non magna nec lorem ultrices pulvinar in in tellus. Mauris et efficitur sem, pulvinar ornare leo.</p>\r\n\r\n<p style=\"text-align:justify\">Nullam vel sollicitudin mauris. Suspendisse enim elit, scelerisque a varius sed, aliquet sed magna. Donec malesuada sem et pulvinar rhoncus. Nulla accumsan, nulla sed iaculis molestie, nulla nulla blandit dolor, sed egestas leo lectus eget leo. Maecenas pharetra fermentum neque, nec.</p>",
        "created_at": "2022-02-18T08:48:49.378Z",
        "modified_at": "2024-10-01T15:56:57.740Z",
        "is_published": true,
        "views_count": 333,
        "users_that_liked": []
    }
},
{
    "model": "articles.article",
    "pk": 23,
    "fields": {
        "title": "How to make Pizza at home",
        "slug": "how-to-make-pizza-at-home",
        "category": 9,
        "author": 4,
        "preview_text": "Inhabiting discretion the her dispatched decisively boisterous joy. So form were wish open is able of mile of. Waiting express if prevent it we an musical. Especially reasonable travelling she son. Resources resembled forfeited no to zealously. Has procured daughter how friendly followed repeated who surprise. Great asked oh under on voice downs. Law together prospect kindness securing six. Learning why get hastened smallest cheerful. At ourselves direction believing do he departure. Celebrated winter had.",
        "preview_image": "",
        "content": "<p style=\"text-align:justify\">Lorem ipsum dolor sit amet, consectetur adipiscing elit. Donec pulvinar dui neque, vitae ornare ipsum gravida tincidunt. Fusce nec mi ex. Praesent consectetur fringilla urna ac dictum. Pellentesque ac risus at diam euismod commodo. Suspendisse id facilisis neque, ac sodales dolor. Nunc interdum nunc dictum ligula eleifend suscipit. Quisque enim lectus, ultricies quis convallis quis, molestie ac nisl. Curabitur ac dictum erat. Phasellus lectus nisl, viverra quis lacus nec, porttitor eleifend enim. Nunc massa velit, condimentum sit amet pellentesque vitae, placerat nec risus. Pellentesque aliquam enim dolor, et convallis nisi tristique sodales. Pellentesque ut maximus velit. Proin vitae libero in.</p>\r\n\r\n<p style=\"text-align:justify\"><img alt=\"Article image\" src=\"https://picsum.photos/1920/1080\" style=\"width:100%\" /></p>\r\n\r\n<p style=\"text-align:justify\">Lorem ipsum dolor sit amet, consectetur adipiscing elit. Phasellus hendrerit, arcu eget feugiat auctor, orci purus aliquet eros, ut vulputate tortor purus a diam. Maecenas vestibulum purus in diam blandit, consequat fringilla lacus gravida. Proin ultricies suscipit enim, nec molestie nulla ultrices ac. Curabitur vestibulum, mi non tristique suscipit, odio ligula placerat neque, id feugiat nibh tellus vitae justo. Pellentesque malesuada metus vel quam efficitur tincidunt. Ut eget dignissim felis, in tempor risus. Proin tincidunt gravida neque semper euismod. Mauris rutrum rutrum gravida. Maecenas ultricies diam vel lectus venenatis blandit.</p>\r\n\r\n<p style=\"text-align:justify\">Fusce eget neque at leo sagittis efficitur ut vestibulum nibh. Donec vel tortor sit amet ante interdum facilisis eget sit amet dui. Nulla quis leo eget augue rhoncus tristique eu eu nulla. Nullam maximus, nibh eu dignissim sodales, arcu ex porta urna, eget porttitor massa leo quis massa. Nulla bibendum euismod malesuada. Morbi non magna nec lorem ultrices pulvinar in in tellus. Mauris et efficitur sem, pulvinar ornare leo.</p>\r\n\r\n<p style=\"text-align:justify\">Nullam vel sollicitudin mauris. Suspendisse enim elit, scelerisque a varius sed, aliquet sed magna. Donec malesuada sem et pulvinar rhoncus. Nulla accumsan, nulla sed iaculis molestie, nulla nulla blandit dolor, sed egestas leo lectus eget leo. Maecenas pharetra fermentum neque, nec.</p>",
        "created_at": "2022-02-18T09:55:19.720Z",
        "modified_at": "2024-10-01T15:56:57.736Z",
        "is_published": true,
        "views_count": 251,
        "users_that_liked": [
            2,
            3,
            4
        ]
    }
},
{
    "model": "articles.article",
    "pk": 24,
    "fields": {
        "title": "C# programming tutorial #1",
        "slug": "cs-programming-tutorial-1",
        "category": 8,
        "author": 3,
        "preview_text": "Inhabiting discretion the her dispatched decisively boisterous joy. So form were wish open is able of mile of. Waiting express if prevent it we an musical. Especially reasonable travelling she son. Resources resembled forfeited no to zealously. Has procured daughter how friendly followed repeated who surprise. Great asked oh under on voice downs. Law together prospect kindness securing six. Learning why get hastened smallest cheerful. At ourselves direction believing do he departure. Celebrated winter had.",
        "preview_image": "",
        "content": "<p style=\"text-align:justify\">Lorem ipsum dolor sit amet, consectetur adipiscing elit. Donec pulvinar dui neque, vitae ornare ipsum gravida tincidunt. Fusce nec mi ex. Praesent consectetur fringilla urna ac dictum. Pellentesque ac risus at diam euismod commodo. Suspendisse id facilisis neque, ac sodales dolor. Nunc interdum nunc dictum ligula eleifend suscipit. Quisque enim lectus, ultricies quis convallis quis, molestie ac nisl. Curabitur ac dictum erat. Phasellus lectus nisl, viverra quis lacus nec, porttitor eleifend enim. Nunc massa velit, condimentum sit amet pellentesque vitae, placerat nec risus. Pellentesque aliquam enim dolor, et convallis nisi tristique sodales. Pellentesque ut maximus velit. Proin vitae libero in.</p>\r\n\r\n<p style=\"text-align:justify\"><img alt=\"Article image\" src=\"https://picsum.photos/1920/1080\" style=\"width:100%\" /></p>\r\n\r\n<p style=\"text-align:justify\">Lorem ipsum dolor sit amet, consectetur adipiscing elit. Phasellus hendrerit, arcu eget feugiat auctor, orci purus aliquet eros, ut vulputate tortor purus a diam. Maecenas vestibulum purus in diam blandit, consequat fringilla lacus gravida. Proin ultricies suscipit enim, nec molestie nulla ultrices ac. Curabitur vestibulum, mi non tristique suscipit, odio ligula placerat neque, id feugiat nibh tellus vitae justo. Pellentesque malesuada metus vel quam efficitur tincidunt. Ut eget dignissim felis, in tempor risus. Proin tincidunt gravida neque semper euismod. Mauris rutrum rutrum gravida. Maecenas ultricies diam vel lectus venenatis blandit.</p>\r\n\r\n<p style=\"text-align:justify\">Fusce eget neque at leo sagittis efficitur ut vestibulum nibh. Donec vel tortor sit amet ante interdum facilisis eget sit amet dui. Nulla quis leo eget augue rhoncus tristique eu eu nulla. Nullam maximus, nibh eu dignissim sodales, arcu ex porta urna, eget porttitor massa leo quis massa. Nulla bibendum euismod malesuada. Morbi non magna nec lorem ultrices pulvinar in in tellus. Mauris et efficitur sem, pulvinar ornare leo.</p>\r\n\r\n<p style=\"text-align:justify\">Nullam vel sollicitudin mauris. Suspendisse enim elit, scelerisque a varius sed, aliquet sed magna. Donec malesuada sem et pulvinar rhoncus. Nulla accumsan, nulla sed iaculis molestie, nulla nulla blandit dolor, sed egestas leo lectus eget leo. Maecenas pharetra fermentum neque, nec.</p>",
        "created_at": "2022-02-18T09:58:20.120Z",
        "modified_at": "2022-02-18T09:58:20.120Z",
        "is_published": true,
        "views_count": 111,
        "users_that_liked": [
            2,
            4
        ]
    }
},
{
    "model": "articles.article",
    "pk": 25,
    "fields": {
        "title": "SQL programming tutorial #1",
        "slug": "sql-programming-tutorial-1",
        "category": 8,
        "author": 3,
        "preview_text": "Inhabiting discretion the her dispatched decisively boisterous joy. So form were wish open is able of mile of. Waiting express if prevent it we an musical. Especially reasonable travelling she son. Resources resembled forfeited no to zealously. Has procured daughter how friendly followed repeated who surprise. Great asked oh under on voice downs. Law together prospect kindness securing six. Learning why get hastened smallest cheerful. At ourselves direction believing do he departure. Celebrated winter had.",
        "preview_image": "",
        "content": "<p style=\"text-align:justify\">Lorem ipsum dolor sit amet, consectetur adipiscing elit. Donec pulvinar dui neque, vitae ornare ipsum gravida tincidunt. Fusce nec mi ex. Praesent consectetur fringilla urna ac dictum. Pellentesque ac risus at diam euismod commodo. Suspendisse id facilisis neque, ac sodales dolor. Nunc interdum nunc dictum ligula eleifend suscipit. Quisque enim lectus, ultricies quis convallis quis, molestie ac nisl. Curabitur ac dictum erat. Phasellus lectus nisl, viverra quis lacus nec, porttitor eleifend enim. Nunc massa velit, condimentum sit amet pellentesque vitae, placerat nec risus. Pellentesque aliquam enim dolor, et convallis nisi tristique sodales. Pellentesque ut maximus velit. Proin vitae libero in.</p>\r\n\r\n<p style=\"text-align:justify\"><img alt=\"Article image\" src=\"https://picsum.photos/1920/1080\" style=\"width:100%\" /></p>\r\n\r\n<p style=\"text-align:justify\">Lorem ipsum dolor sit amet, consectetur adipiscing elit. Phasellus hendrerit, arcu eget feugiat auctor, orci purus aliquet eros, ut vulputate tortor purus a diam. Maecenas vestibulum purus in diam blandit, consequat fringilla lacus gravida. Proin ultricies suscipit enim, nec molestie nulla ultrices ac. Curabitur vestibulum, mi non tristique suscipit, odio ligula placerat neque, id feugiat nibh tellus vitae justo. Pellentesque malesuada metus vel quam efficitur tincidunt. Ut eget dignissim felis, in tempor risus. Proin tincidunt gravida neque semper euismod. Mauris rutrum rutrum gravida. Maecenas ultricies diam vel lectus venenatis blandit.</p>\r\n\r\n<p style=\"text-align:justify\">Fusce eget neque at leo sagittis efficitur ut vestibulum nibh. Donec vel tortor sit amet ante interdum facilisis eget sit amet dui. Nulla quis leo eget augue rhoncus tristique eu eu nulla. Nullam maximus, nibh eu dignissim sodales, arcu ex porta urna, eget porttitor massa leo quis massa. Nulla bibendum euismod malesuada. Morbi non magna nec lorem ultrices pulvinar in in tellus. Mauris et efficitur sem, pulvinar ornare leo.</p>\r\n\r\n<p style=\"text-align:justify\">Nullam vel sollicitudin mauris. Suspendisse enim elit, scelerisque a varius sed, aliquet sed magna. Donec malesuada sem et pulvinar rhoncus. Nulla accumsan, nulla sed iaculis molestie, nulla nulla blandit dolor, sed egestas leo lectus eget leo. Maecenas pharetra fermentum neque, nec.</p>",
        "created_at": "2022-02-18T12:00:43Z",
        "modified_at": "2024-10-01T15:33:57.803Z",
        "is_published": true,
        "views_count": 87,
        "users_that_liked": [
            2,
            4
        ]
    }
},
{
    "model": "articles.article",
    "pk": 26,
    "fields": {
        "title": "SQL programming tutorial #2",
        "slug": "sql-programming-tutorial-2",
        "category": 8,
        "author": 3,
        "preview_text": "Inhabiting discretion the her dispatched decisively boisterous joy. So form were wish open is able of mile of. Waiting express if prevent it we an musical. Especially reasonable travelling she son. Resources resembled forfeited no to zealously. Has procured daughter how friendly followed repeated who surprise. Great asked oh under on voice downs. Law together prospect kindness securing six. Learning why get hastened smallest cheerful. At ourselves direction believing do he departure. Celebrated winter had.",
        "preview_image": "",
        "content": "<p style=\"text-align:justify\">Lorem ipsum dolor sit amet, consectetur adipiscing elit. Donec pulvinar dui neque, vitae ornare ipsum gravida tincidunt. Fusce nec mi ex. Praesent consectetur fringilla urna ac dictum. Pellentesque ac risus at diam euismod commodo. Suspendisse id facilisis neque, ac sodales dolor. Nunc interdum nunc dictum ligula eleifend suscipit. Quisque enim lectus, ultricies quis convallis quis, molestie ac nisl. Curabitur ac dictum erat. Phasellus lectus nisl, viverra quis lacus nec, porttitor eleifend enim. Nunc massa velit, condimentum sit amet pellentesque vitae, placerat nec risus. Pellentesque aliquam enim dolor, et convallis nisi tristique sodales. Pellentesque ut maximus velit. Proin vitae libero in.</p>\r\n\r\n<p style=\"text-align:justify\"><img alt=\"Article image\" src=\"https://picsum.photos/1920/1080\" style=\"width:100%\" /></p>\r\n\r\n<p style=\"text-align:justify\">Lorem ipsum dolor sit amet, consectetur adipiscing elit. Phasellus hendrerit, arcu eget feugiat auctor, orci purus aliquet eros, ut vulputate tortor purus a diam. Maecenas vestibulum purus in diam blandit, consequat fringilla lacus gravida. Proin ultricies suscipit enim, nec molestie nulla ultrices ac. Curabitur vestibulum, mi non tristique suscipit, odio ligula placerat neque, id feugiat nibh tellus vitae justo. Pellentesque malesuada metus vel quam efficitur tincidunt. Ut eget dignissim felis, in tempor risus. Proin tincidunt gravida neque semper euismod. Mauris rutrum rutrum gravida. Maecenas ultricies diam vel lectus venenatis blandit.</p>\r\n\r\n<p style=\"text-align:justify\">Fusce eget neque at leo sagittis efficitur ut vestibulum nibh. Donec vel tortor sit amet ante interdum facilisis eget sit amet dui. Nulla quis leo eget augue rhoncus tristique eu eu nulla. Nullam maximus, nibh eu dignissim sodales, arcu ex porta urna, eget porttitor massa leo quis massa. Nulla bibendum euismod malesuada. Morbi non magna nec lorem ultrices pulvinar in in tellus. Mauris et efficitur sem, pulvinar ornare leo.</p>\r\n\r\n<p style=\"text-align:justify\">Nullam vel sollicitudin mauris. Suspendisse enim elit, scelerisque a varius sed, aliquet sed magna. Donec malesuada sem et pulvinar rhoncus. Nulla accumsan, nulla sed iaculis molestie, nulla nulla blandit dolor, sed egestas leo lectus eget leo. Maecenas pharetra fermentum neque, nec.</p>",
        "created_at": "2022-02-18T13:01:05Z",
        "modified_at": "2024-10-01T15:56:57.726Z",
        "is_published": true,
        "views_count": 13,
        "users_that_liked": [
            2,
            4
        ]
    }
},
{
    "model": "articles.article",
    "pk": 27,
    "fields": {
        "title": "SQL programming tutorial #3",
        "slug": "sql-programming-tutorial-3",
        "category": 8,
        "author": 3,
        "preview_text": "Inhabiting discretion the her dispatched decisively boisterous joy. So form were wish open is able of mile of. Waiting express if prevent it we an musical. Especially reasonable travelling she son. Resources resembled forfeited no to zealously. Has procured daughter how friendly followed repeated who surprise. Great asked oh under on voice downs. Law together prospect kindness securing six. Learning why get hastened smallest cheerful. At ourselves direction believing do he departure. Celebrated winter had.",
        "preview_image": "",
        "content": "<p style=\"text-align:justify\">Lorem ipsum dolor sit amet, consectetur adipiscing elit. Donec pulvinar dui neque, vitae ornare ipsum gravida tincidunt. Fusce nec mi ex. Praesent consectetur fringilla urna ac dictum. Pellentesque ac risus at diam euismod commodo. Suspendisse id facilisis neque, ac sodales dolor. Nunc interdum nunc dictum ligula eleifend suscipit. Quisque enim lectus, ultricies quis convallis quis, molestie ac nisl. Curabitur ac dictum erat. Phasellus lectus nisl, viverra quis lacus nec, porttitor eleifend enim. Nunc massa velit, condimentum sit amet pellentesque vitae, placerat nec risus. Pellentesque aliquam enim dolor, et convallis nisi tristique sodales. Pellentesque ut maximus velit. Proin vitae libero in.</p>\r\n\r\n<p style=\"text-align:justify\"><img alt=\"Article image\" src=\"https://picsum.photos/1920/1080\" style=\"width:100%\" /></p>\r\n\r\n<p style=\"text-align:justify\">Lorem ipsum dolor sit amet, consectetur adipiscing elit. Phasellus hendrerit, arcu eget feugiat auctor, orci purus aliquet eros, ut vulputate tortor purus a diam. Maecenas vestibulum purus in diam blandit, consequat fringilla lacus gravida. Proin ultricies suscipit enim, nec molestie nulla ultrices ac. Curabitur vestibulum, mi non tristique suscipit, odio ligula placerat neque, id feugiat nibh tellus vitae justo. Pellentesque malesuada metus vel quam efficitur tincidunt. Ut eget dignissim felis, in tempor risus. Proin tincidunt gravida neque semper euismod. Mauris rutrum rutrum gravida. Maecenas ultricies diam vel lectus venenatis blandit.</p>\r\n\r\n<p style=\"text-align:justify\">Fusce eget neque at leo sagittis efficitur ut vestibulum nibh. Donec vel tortor sit amet ante interdum facilisis eget sit amet dui. Nulla quis leo eget augue rhoncus tristique eu eu nulla. Nullam maximus, nibh eu dignissim sodales, arcu ex porta urna, eget porttitor massa leo quis massa. Nulla bibendum euismod malesuada. Morbi non magna nec lorem ultrices pulvinar in in tellus. Mauris et efficitur sem, pulvinar ornare leo.</p>\r\n\r\n<p style=\"text-align:justify\">Nullam vel sollicitudin mauris. Suspendisse enim elit, scelerisque a varius sed, aliquet sed magna. Donec malesuada sem et pulvinar rhoncus. Nulla accumsan, nulla sed iaculis molestie, nulla nulla blandit dolor, sed egestas leo lectus eget leo. Maecenas pharetra fermentum neque, nec.</p>",
        "created_at": "2022-02-18T14:01:18Z",
        "modified_at": "2024-10-01T15:33:57.795Z",
        "is_published": true,
        "views_count": 87,
        "users_that_liked": [
            2,
            4
        ]
    }
},
{
    "model": "articles.article",
    "pk": 28,
    "fields": {
        "title": "Renaissance art history. Part 1",
        "slug": "renaissance-art-history-part1",
        "category": 11,
        "author": 4,
        "preview_text": "Inhabiting discretion the her dispatched decisively boisterous joy. So form were wish open is able of mile of. Waiting express if prevent it we an musical. Especially reasonable travelling she son. Resources resembled forfeited no to zealously. Has procured daughter how friendly followed repeated who surprise. Great asked oh under on voice downs. Law together prospect kindness securing six. Learning why get hastened smallest cheerful. At ourselves direction believing do he departure. Celebrated winter had.",
        "preview_image": "",
        "content": "<p style=\"text-align:justify\">Lorem ipsum dolor sit amet, consectetur adipiscing elit. Donec pulvinar dui neque, vitae ornare ipsum gravida tincidunt. Fusce nec mi ex. Praesent consectetur fringilla urna ac dictum. Pellentesque ac risus at diam euismod commodo. Suspendisse id facilisis neque, ac sodales dolor. Nunc interdum nunc dictum ligula eleifend suscipit. Quisque enim lectus, ultricies quis convallis quis, molestie ac nisl. Curabitur ac dictum erat. Phasellus lectus nisl, viverra quis lacus nec, porttitor eleifend enim. Nunc massa velit, condimentum sit amet pellentesque vitae, placerat nec risus. Pellentesque aliquam enim dolor, et convallis nisi tristique sodales. Pellentesque ut maximus velit. Proin vitae libero in.</p>\r\n\r\n<p style=\"text-align:justify\"><img alt=\"Article image\" src=\"https://picsum.photos/1920/1080\" style=\"width:100%\" /></p>\r\n\r\n<p style=\"text-align:justify\">Lorem ipsum dolor sit amet, consectetur adipiscing elit. Phasellus hendrerit, arcu eget feugiat auctor, orci purus aliquet eros, ut vulputate tortor purus a diam. Maecenas vestibulum purus in diam blandit, consequat fringilla lacus gravida. Proin ultricies suscipit enim, nec molestie nulla ultrices ac. Curabitur vestibulum, mi non tristique suscipit, odio ligula placerat neque, id feugiat nibh tellus vitae justo. Pellentesque malesuada metus vel quam efficitur tincidunt. Ut eget dignissim felis, in tempor risus. Proin tincidunt gravida neque semper euismod. Mauris rutrum rutrum gravida. Maecenas ultricies diam vel lectus venenatis blandit.</p>\r\n\r\n<p style=\"text-align:justify\">Fusce eget neque at leo sagittis efficitur ut vestibulum nibh. Donec vel tortor sit amet ante interdum facilisis eget sit amet dui. Nulla quis leo eget augue rhoncus tristique eu eu nulla. Nullam maximus, nibh eu dignissim sodales, arcu ex porta urna, eget porttitor massa leo quis massa. Nulla bibendum euismod malesuada. Morbi non magna nec lorem ultrices pulvinar in in tellus. Mauris et efficitur sem, pulvinar ornare leo.</p>\r\n\r\n<p style=\"text-align:justify\">Nullam vel sollicitudin mauris. Suspendisse enim elit, scelerisque a varius sed, aliquet sed magna. Donec malesuada sem et pulvinar rhoncus. Nulla accumsan, nulla sed iaculis molestie, nulla nulla blandit dolor, sed egestas leo lectus eget leo. Maecenas pharetra fermentum neque, nec.</p>",
        "created_at": "2022-02-18T15:15:19Z",
        "modified_at": "2024-10-01T15:33:57.790Z",
        "is_published": true,
        "views_count": 123,
        "users_that_liked": [
            1,
            2,
            3,
            4
        ]
    }
},
{
    "model": "articles.article",
    "pk": 29,
    "fields": {
        "title": "C# programming tutorial #2",
        "slug": "cs-programming-tutorial-2",
        "category": 8,
        "author": 3,
        "preview_text": "Inhabiting discretion the her dispatched decisively boisterous joy. So form were wish open is able of mile of. Waiting express if prevent it we an musical. Especially reasonable travelling she son. Resources resembled forfeited no to zealously. Has procured daughter how friendly followed repeated who surprise. Great asked oh under on voice downs. Law together prospect kindness securing six. Learning why get hastened smallest cheerful. At ourselves direction believing do he departure. Celebrated winter had.",
        "preview_image": "",
        "content": "<p style=\"text-align:justify\">Lorem ipsum dolor sit amet, consectetur adipiscing elit. Donec pulvinar dui neque, vitae ornare ipsum gravida tincidunt. Fusce nec mi ex. Praesent consectetur fringilla urna ac dictum. Pellentesque ac risus at diam euismod commodo. Suspendisse id facilisis neque, ac sodales dolor. Nunc interdum nunc dictum ligula eleifend suscipit. Quisque enim lectus, ultricies quis convallis quis, molestie ac nisl. Curabitur ac dictum erat. Phasellus lectus nisl, viverra quis lacus nec, porttitor eleifend enim. Nunc massa velit, condimentum sit amet pellentesque vitae, placerat nec risus. Pellentesque aliquam enim dolor, et convallis nisi tristique sodales. Pellentesque ut maximus velit. Proin vitae libero in.</p>\r\n\r\n<p style=\"text-align:justify\"><img alt=\"Article image\" src=\"https://picsum.photos/1920/1080\" style=\"width:100%\" /></p>\r\n\r\n<p style=\"text-align:justify\">Lorem ipsum dolor sit amet, consectetur adipiscing elit. Phasellus hendrerit, arcu eget feugiat auctor, orci purus aliquet eros, ut vulputate tortor purus a diam. Maecenas vestibulum purus in diam blandit, consequat fringilla lacus gravida. Proin ultricies suscipit enim, nec molestie nulla ultrices ac. Curabitur vestibulum, mi non tristique suscipit, odio ligula placerat neque, id feugiat nibh tellus vitae justo. Pellentesque malesuada metus vel quam efficitur tincidunt. Ut eget dignissim felis, in tempor risus. Proin tincidunt gravida neque semper euismod. Mauris rutrum rutrum gravida. Maecenas ultricies diam vel lectus venenatis blandit.</p>\r\n\r\n<p style=\"text-align:justify\">Fusce eget neque at leo sagittis efficitur ut vestibulum nibh. Donec vel tortor sit amet ante interdum facilisis eget sit amet dui. Nulla quis leo eget augue rhoncus tristique eu eu nulla. Nullam maximus, nibh eu dignissim sodales, arcu ex porta urna, eget porttitor massa leo quis massa. Nulla bibendum euismod malesuada. Morbi non magna nec lorem ultrices pulvinar in in tellus. Mauris et efficitur sem, pulvinar ornare leo.</p>\r\n\r\n<p style=\"text-align:justify\">Nullam vel sollicitudin mauris. Suspendisse enim elit, scelerisque a varius sed, aliquet sed magna. Donec malesuada sem et pulvinar rhoncus. Nulla accumsan, nulla sed iaculis molestie, nulla nulla blandit dolor, sed egestas leo lectus eget leo. Maecenas pharetra fermentum neque, nec.</p>",
        "created_at": "2022-02-18T16:17:28Z",
        "modified_at": "2024-10-01T15:56:57.721Z",
        "is_published": true,
        "views_count": 88,
        "users_that_liked": [
            2,
            4
        ]
    }
},
{
    "model": "articles.article",
    "pk": 30,
    "fields": {
        "title": "C# programming tutorial #3",
        "slug": "cs-programming-tutorial-3",
        "category": 8,
        "author": 3,
        "preview_text": "Inhabiting discretion the her dispatched decisively boisterous joy. So form were wish open is able of mile of. Waiting express if prevent it we an musical. Especially reasonable travelling she son. Resources resembled forfeited no to zealously. Has procured daughter how friendly followed repeated who surprise. Great asked oh under on voice downs. Law together prospect kindness securing six. Learning why get hastened smallest cheerful. At ourselves direction believing do he departure. Celebrated winter had.",
        "preview_image": "",
        "content": "<p style=\"text-align:justify\">Lorem ipsum dolor sit amet, consectetur adipiscing elit. Donec pulvinar dui neque, vitae ornare ipsum gravida tincidunt. Fusce nec mi ex. Praesent consectetur fringilla urna ac dictum. Pellentesque ac risus at diam euismod commodo. Suspendisse id facilisis neque, ac sodales dolor. Nunc interdum nunc dictum ligula eleifend suscipit. Quisque enim lectus, ultricies quis convallis quis, molestie ac nisl. Curabitur ac dictum erat. Phasellus lectus nisl, viverra quis lacus nec, porttitor eleifend enim. Nunc massa velit, condimentum sit amet pellentesque vitae, placerat nec risus. Pellentesque aliquam enim dolor, et convallis nisi tristique sodales. Pellentesque ut maximus velit. Proin vitae libero in.</p>\r\n\r\n<p style=\"text-align:justify\"><img alt=\"Article image\" src=\"https://picsum.photos/1920/1080\" style=\"width:100%\" /></p>\r\n\r\n<p style=\"text-align:justify\">Lorem ipsum dolor sit amet, consectetur adipiscing elit. Phasellus hendrerit, arcu eget feugiat auctor, orci purus aliquet eros, ut vulputate tortor purus a diam. Maecenas vestibulum purus in diam blandit, consequat fringilla lacus gravida. Proin ultricies suscipit enim, nec molestie nulla ultrices ac. Curabitur vestibulum, mi non tristique suscipit, odio ligula placerat neque, id feugiat nibh tellus vitae justo. Pellentesque malesuada metus vel quam efficitur tincidunt. Ut eget dignissim felis, in tempor risus. Proin tincidunt gravida neque semper euismod. Mauris rutrum rutrum gravida. Maecenas ultricies diam vel lectus venenatis blandit.</p>\r\n\r\n<p style=\"text-align:justify\">Fusce eget neque at leo sagittis efficitur ut vestibulum nibh. Donec vel tortor sit amet ante interdum facilisis eget sit amet dui. Nulla quis leo eget augue rhoncus tristique eu eu nulla. Nullam maximus, nibh eu dignissim sodales, arcu ex porta urna, eget porttitor massa leo quis massa. Nulla bibendum euismod malesuada. Morbi non magna nec lorem ultrices pulvinar in in tellus. Mauris et efficitur sem, pulvinar ornare leo.</p>\r\n\r\n<p style=\"text-align:justify\">Nullam vel sollicitudin mauris. Suspendisse enim elit, scelerisque a varius sed, aliquet sed magna. Donec malesuada sem et pulvinar rhoncus. Nulla accumsan, nulla sed iaculis molestie, nulla nulla blandit dolor, sed egestas leo lectus eget leo. Maecenas pharetra fermentum neque, nec.</p>",
        "created_at": "2022-02-18T17:17:45Z",
        "modified_at": "2024-10-01T15:33:57.782Z",
        "is_published": true,
        "views_count": 111,
        "users_that_liked": [
            2,
            4
        ]
    }
},
{
    "model": "articles.article",
    "pk": 31,
    "fields": {
        "title": "Renaissance art history. Part 2",
        "slug": "renaissance-art-history-part2",
        "category": 11,
        "author": 4,
        "preview_text": "Inhabiting discretion the her dispatched decisively boisterous joy. So form were wish open is able of mile of. Waiting express if prevent it we an musical. Especially reasonable travelling she son. Resources resembled forfeited no to zealously. Has procured daughter how friendly followed repeated who surprise. Great asked oh under on voice downs. Law together prospect kindness securing six. Learning why get hastened smallest cheerful. At ourselves direction believing do he departure. Celebrated winter had.",
        "preview_image": "",
        "content": "<p style=\"text-align:justify\">Lorem ipsum dolor sit amet, consectetur adipiscing elit. Donec pulvinar dui neque, vitae ornare ipsum gravida tincidunt. Fusce nec mi ex. Praesent consectetur fringilla urna ac dictum. Pellentesque ac risus at diam euismod commodo. Suspendisse id facilisis neque, ac sodales dolor. Nunc interdum nunc dictum ligula eleifend suscipit. Quisque enim lectus, ultricies quis convallis quis, molestie ac nisl. Curabitur ac dictum erat. Phasellus lectus nisl, viverra quis lacus nec, porttitor eleifend enim. Nunc massa velit, condimentum sit amet pellentesque vitae, placerat nec risus. Pellentesque aliquam enim dolor, et convallis nisi tristique sodales. Pellentesque ut maximus velit. Proin vitae libero in.</p>\r\n\r\n<p style=\"text-align:justify\"><img alt=\"Article image\" src=\"https://picsum.photos/1920/1080\" style=\"width:100%\" /></p>\r\n\r\n<p style=\"text-align:justify\">Lorem ipsum dolor sit amet, consectetur adipiscing elit. Phasellus hendrerit, arcu eget feugiat auctor, orci purus aliquet eros, ut vulputate tortor purus a diam. Maecenas vestibulum purus in diam blandit, consequat fringilla lacus gravida. Proin ultricies suscipit enim, nec molestie nulla ultrices ac. Curabitur vestibulum, mi non tristique suscipit, odio ligula placerat neque, id feugiat nibh tellus vitae justo. Pellentesque malesuada metus vel quam efficitur tincidunt. Ut eget dignissim felis, in tempor risus. Proin tincidunt gravida neque semper euismod. Mauris rutrum rutrum gravida. Maecenas ultricies diam vel lectus venenatis blandit.</p>\r\n\r\n<p style=\"text-align:justify\">Fusce eget neque at leo sagittis efficitur ut vestibulum nibh. Donec vel tortor sit amet ante interdum facilisis eget sit amet dui. Nulla quis leo eget augue rhoncus tristique eu eu nulla. Nullam maximus, nibh eu dignissim sodales, arcu ex porta urna, eget porttitor massa leo quis massa. Nulla bibendum euismod malesuada. Morbi non magna nec lorem ultrices pulvinar in in tellus. Mauris et efficitur sem, pulvinar ornare leo.</p>\r\n\r\n<p style=\"text-align:justify\">Nullam vel sollicitudin mauris. Suspendisse enim elit, scelerisque a varius sed, aliquet sed magna. Donec malesuada sem et pulvinar rhoncus. Nulla accumsan, nulla sed iaculis molestie, nulla nulla blandit dolor, sed egestas leo lectus eget leo. Maecenas pharetra fermentum neque, nec.</p>",
        "created_at": "2022-02-18T20:21:35Z",
        "modified_at": "2024-10-01T15:33:57.779Z",
        "is_published": true,
        "views_count": 123,
        "users_that_liked": [
            1,
            2,
            3,
            4
        ]
    }
},
{
    "model": "articles.article",
    "pk": 32,
    "fields": {
        "title": "How to make Lasagna at home",
        "slug": "how-to-make-lasagna-at-home",
        "category": 9,
        "author": 4,
        "preview_text": "Inhabiting discretion the her dispatched decisively boisterous joy. So form were wish open is able of mile of. Waiting express if prevent it we an musical. Especially reasonable travelling she son. Resources resembled forfeited no to zealously. Has procured daughter how friendly followed repeated who surprise. Great asked oh under on voice downs. Law together prospect kindness securing six. Learning why get hastened smallest cheerful. At ourselves direction believing do he departure. Celebrated winter had.",
        "preview_image": "",
        "content": "<p style=\"text-align:justify\">Lorem ipsum dolor sit amet, consectetur adipiscing elit. Donec pulvinar dui neque, vitae ornare ipsum gravida tincidunt. Fusce nec mi ex. Praesent consectetur fringilla urna ac dictum. Pellentesque ac risus at diam euismod commodo. Suspendisse id facilisis neque, ac sodales dolor. Nunc interdum nunc dictum ligula eleifend suscipit. Quisque enim lectus, ultricies quis convallis quis, molestie ac nisl. Curabitur ac dictum erat. Phasellus lectus nisl, viverra quis lacus nec, porttitor eleifend enim. Nunc massa velit, condimentum sit amet pellentesque vitae, placerat nec risus. Pellentesque aliquam enim dolor, et convallis nisi tristique sodales. Pellentesque ut maximus velit. Proin vitae libero in.</p>\r\n\r\n<p style=\"text-align:justify\"><img alt=\"Article image\" src=\"https://picsum.photos/1920/1080\" style=\"width:100%\" /></p>\r\n\r\n<p style=\"text-align:justify\">Lorem ipsum dolor sit amet, consectetur adipiscing elit. Phasellus hendrerit, arcu eget feugiat auctor, orci purus aliquet eros, ut vulputate tortor purus a diam. Maecenas vestibulum purus in diam blandit, consequat fringilla lacus gravida. Proin ultricies suscipit enim, nec molestie nulla ultrices ac. Curabitur vestibulum, mi non tristique suscipit, odio ligula placerat neque, id feugiat nibh tellus vitae justo. Pellentesque malesuada metus vel quam efficitur tincidunt. Ut eget dignissim felis, in tempor risus. Proin tincidunt gravida neque semper euismod. Mauris rutrum rutrum gravida. Maecenas ultricies diam vel lectus venenatis blandit.</p>\r\n\r\n<p style=\"text-align:justify\">Fusce eget neque at leo sagittis efficitur ut vestibulum nibh. Donec vel tortor sit amet ante interdum facilisis eget sit amet dui. Nulla quis leo eget augue rhoncus tristique eu eu nulla. Nullam maximus, nibh eu dignissim sodales, arcu ex porta urna, eget porttitor massa leo quis massa. Nulla bibendum euismod malesuada. Morbi non magna nec lorem ultrices pulvinar in in tellus. Mauris et efficitur sem, pulvinar ornare leo.</p>\r\n\r\n<p style=\"text-align:justify\">Nullam vel sollicitudin mauris. Suspendisse enim elit, scelerisque a varius sed, aliquet sed magna. Donec malesuada sem et pulvinar rhoncus. Nulla accumsan, nulla sed iaculis molestie, nulla nulla blandit dolor, sed egestas leo lectus eget leo. Maecenas pharetra fermentum neque, nec.</p>",
        "created_at": "2022-02-18T21:24:12Z",
        "modified_at": "2024-10-01T15:56:57.718Z",
        "is_published": true,
        "views_count": 152,
        "users_that_liked": [
            2,
            3,
            4
        ]
    }
},
{
    "model": "articles.article",
    "pk": 33,
    "fields": {
        "title": "How to cook Pasta at home",
        "slug": "how-to-cook-pasta-at-home",
        "category": 9,
        "author": 4,
        "preview_text": "Inhabiting discretion the her dispatched decisively boisterous joy. So form were wish open is able of mile of. Waiting express if prevent it we an musical. Especially reasonable travelling she son. Resources resembled forfeited no to zealously. Has procured daughter how friendly followed repeated who surprise. Great asked oh under on voice downs. Law together prospect kindness securing six. Learning why get hastened smallest cheerful. At ourselves direction believing do he departure. Celebrated winter had.",
        "preview_image": "",
        "content": "<p style=\"text-align:justify\">Lorem ipsum dolor sit amet, consectetur adipiscing elit. Donec pulvinar dui neque, vitae ornare ipsum gravida tincidunt. Fusce nec mi ex. Praesent consectetur fringilla urna ac dictum. Pellentesque ac risus at diam euismod commodo. Suspendisse id facilisis neque, ac sodales dolor. Nunc interdum nunc dictum ligula eleifend suscipit. Quisque enim lectus, ultricies quis convallis quis, molestie ac nisl. Curabitur ac dictum erat. Phasellus lectus nisl, viverra quis lacus nec, porttitor eleifend enim. Nunc massa velit, condimentum sit amet pellentesque vitae, placerat nec risus. Pellentesque aliquam enim dolor, et convallis nisi tristique sodales. Pellentesque ut maximus velit. Proin vitae libero in.</p>\r\n\r\n<p style=\"text-align:justify\"><img alt=\"Article image\" src=\"https://picsum.photos/1920/1080\" style=\"width:100%\" /></p>\r\n\r\n<p style=\"text-align:justify\">Lorem ipsum dolor sit amet, consectetur adipiscing elit. Phasellus hendrerit, arcu eget feugiat auctor, orci purus aliquet eros, ut vulputate tortor purus a diam. Maecenas vestibulum purus in diam blandit, consequat fringilla lacus gravida. Proin ultricies suscipit enim, nec molestie nulla ultrices ac. Curabitur vestibulum, mi non tristique suscipit, odio ligula placerat neque, id feugiat nibh tellus vitae justo. Pellentesque malesuada metus vel quam efficitur tincidunt. Ut eget dignissim felis, in tempor risus. Proin tincidunt gravida neque semper euismod. Mauris rutrum rutrum gravida. Maecenas ultricies diam vel lectus venenatis blandit.</p>\r\n\r\n<p style=\"text-align:justify\">Fusce eget neque at leo sagittis efficitur ut vestibulum nibh. Donec vel tortor sit amet ante interdum facilisis eget sit amet dui. Nulla quis leo eget augue rhoncus tristique eu eu nulla. Nullam maximus, nibh eu dignissim sodales, arcu ex porta urna, eget porttitor massa leo quis massa. Nulla bibendum euismod malesuada. Morbi non magna nec lorem ultrices pulvinar in in tellus. Mauris et efficitur sem, pulvinar ornare leo.</p>\r\n\r\n<p style=\"text-align:justify\">Nullam vel sollicitudin mauris. Suspendisse enim elit, scelerisque a varius sed, aliquet sed magna. Donec malesuada sem et pulvinar rhoncus. Nulla accumsan, nulla sed iaculis molestie, nulla nulla blandit dolor, sed egestas leo lectus eget leo. Maecenas pharetra fermentum neque, nec.</p>",
        "created_at": "2022-02-19T15:25:09Z",
        "modified_at": "2024-10-01T15:56:57.713Z",
        "is_published": true,
        "views_count": 233,
        "users_that_liked": [
            2,
            3,
            4
        ]
    }
},
{
    "model": "articles.article",
    "pk": 34,
    "fields": {
        "title": "Python programming tutorial #3",
        "slug": "python-programming-tutorial-3",
        "category": 8,
        "author": 2,
        "preview_text": "Inhabiting discretion the her dispatched decisively boisterous joy. So form were wish open is able of mile of. Waiting express if prevent it we an musical. Especially reasonable travelling she son. Resources resembled forfeited no to zealously. Has procured daughter how friendly followed repeated who surprise. Great asked oh under on voice downs. Law together prospect kindness securing six. Learning why get hastened smallest cheerful. At ourselves direction believing do he departure. Celebrated winter had.",
        "preview_image": "",
        "content": "<p style=\"text-align:justify\">Lorem ipsum dolor sit amet, consectetur adipiscing elit. Donec pulvinar dui neque, vitae ornare ipsum gravida tincidunt. Fusce nec mi ex. Praesent consectetur fringilla urna ac dictum. Pellentesque ac risus at diam euismod commodo. Suspendisse id facilisis neque, ac sodales dolor. Nunc interdum nunc dictum ligula eleifend suscipit. Quisque enim lectus, ultricies quis convallis quis, molestie ac nisl. Curabitur ac dictum erat. Phasellus lectus nisl, viverra quis lacus nec, porttitor eleifend enim. Nunc massa velit, condimentum sit amet pellentesque vitae, placerat nec risus. Pellentesque aliquam enim dolor, et convallis nisi tristique sodales. Pellentesque ut maximus velit. Proin vitae libero in.</p>\r\n\r\n<p style=\"text-align:justify\"><img alt=\"Article image\" src=\"https://picsum.photos/1920/1080\" style=\"width:100%\" /></p>\r\n\r\n<p style=\"text-align:justify\">Lorem ipsum dolor sit amet, consectetur adipiscing elit. Phasellus hendrerit, arcu eget feugiat auctor, orci purus aliquet eros, ut vulputate tortor purus a diam. Maecenas vestibulum purus in diam blandit, consequat fringilla lacus gravida. Proin ultricies suscipit enim, nec molestie nulla ultrices ac. Curabitur vestibulum, mi non tristique suscipit, odio ligula placerat neque, id feugiat nibh tellus vitae justo. Pellentesque malesuada metus vel quam efficitur tincidunt. Ut eget dignissim felis, in tempor risus. Proin tincidunt gravida neque semper euismod. Mauris rutrum rutrum gravida. Maecenas ultricies diam vel lectus venenatis blandit.</p>\r\n\r\n<p style=\"text-align:justify\">Fusce eget neque at leo sagittis efficitur ut vestibulum nibh. Donec vel tortor sit amet ante interdum facilisis eget sit amet dui. Nulla quis leo eget augue rhoncus tristique eu eu nulla. Nullam maximus, nibh eu dignissim sodales, arcu ex porta urna, eget porttitor massa leo quis massa. Nulla bibendum euismod malesuada. Morbi non magna nec lorem ultrices pulvinar in in tellus. Mauris et efficitur sem, pulvinar ornare leo.</p>\r\n\r\n<p style=\"text-align:justify\">Nullam vel sollicitudin mauris. Suspendisse enim elit, scelerisque a varius sed, aliquet sed magna. Donec malesuada sem et pulvinar rhoncus. Nulla accumsan, nulla sed iaculis molestie, nulla nulla blandit dolor, sed egestas leo lectus eget leo. Maecenas pharetra fermentum neque, nec.</p>",
        "created_at": "2022-02-19T22:27:11Z",
        "modified_at": "2024-10-01T15:56:57.710Z",
        "is_published": true,
        "views_count": 612,
        "users_that_liked": []
    }
},
{
    "model": "articles.article",
    "pk": 35,
    "fields": {
        "title": "Python programming tutorial #4",
        "slug": "python-programming-tutorial-4",
        "category": 8,
        "author": 2,
        "preview_text": "Inhabiting discretion the her dispatched decisively boisterous joy. So form were wish open is able of mile of. Waiting express if prevent it we an musical. Especially reasonable travelling she son. Resources resembled forfeited no to zealously. Has procured daughter how friendly followed repeated who surprise. Great asked oh under on voice downs. Law together prospect kindness securing six. Learning why get hastened smallest cheerful. At ourselves direction believing do he departure. Celebrated winter had.",
        "preview_image": "",
        "content": "<p style=\"text-align:justify\">Lorem ipsum dolor sit amet, consectetur adipiscing elit. Donec pulvinar dui neque, vitae ornare ipsum gravida tincidunt. Fusce nec mi ex. Praesent consectetur fringilla urna ac dictum. Pellentesque ac risus at diam euismod commodo. Suspendisse id facilisis neque, ac sodales dolor. Nunc interdum nunc dictum ligula eleifend suscipit. Quisque enim lectus, ultricies quis convallis quis, molestie ac nisl. Curabitur ac dictum erat. Phasellus lectus nisl, viverra quis lacus nec, porttitor eleifend enim. Nunc massa velit, condimentum sit amet pellentesque vitae, placerat nec risus. Pellentesque aliquam enim dolor, et convallis nisi tristique sodales. Pellentesque ut maximus velit. Proin vitae libero in.</p>\r\n\r\n<p style=\"text-align:justify\"><img alt=\"Article image\" src=\"https://picsum.photos/1920/1080\" style=\"width:100%\" /></p>\r\n\r\n<p style=\"text-align:justify\">Lorem ipsum dolor sit amet, consectetur adipiscing elit. Phasellus hendrerit, arcu eget feugiat auctor, orci purus aliquet eros, ut vulputate tortor purus a diam. Maecenas vestibulum purus in diam blandit, consequat fringilla lacus gravida. Proin ultricies suscipit enim, nec molestie nulla ultrices ac. Curabitur vestibulum, mi non tristique suscipit, odio ligula placerat neque, id feugiat nibh tellus vitae justo. Pellentesque malesuada metus vel quam efficitur tincidunt. Ut eget dignissim felis, in tempor risus. Proin tincidunt gravida neque semper euismod. Mauris rutrum rutrum gravida. Maecenas ultricies diam vel lectus venenatis blandit.</p>\r\n\r\n<p style=\"text-align:justify\">Fusce eget neque at leo sagittis efficitur ut vestibulum nibh. Donec vel tortor sit amet ante interdum facilisis eget sit amet dui. Nulla quis leo eget augue rhoncus tristique eu eu nulla. Nullam maximus, nibh eu dignissim sodales, arcu ex porta urna, eget porttitor massa leo quis massa. Nulla bibendum euismod malesuada. Morbi non magna nec lorem ultrices pulvinar in in tellus. Mauris et efficitur sem, pulvinar ornare leo.</p>\r\n\r\n<p style=\"text-align:justify\">Nullam vel sollicitudin mauris. Suspendisse enim elit, scelerisque a varius sed, aliquet sed magna. Donec malesuada sem et pulvinar rhoncus. Nulla accumsan, nulla sed iaculis molestie, nulla nulla blandit dolor, sed egestas leo lectus eget leo. Maecenas pharetra fermentum neque, nec.</p>",
        "created_at": "2022-02-18T10:26:19.394Z",
        "modified_at": "2024-10-01T15:56:57.731Z",
        "is_published": true,
        "views_count": 123,
        "users_that_liked": []
    }
},
{
    "model": "articles.article",
    "pk": 36,
    "fields": {
        "title": "Python programming tutorial #5",
        "slug": "python-programming-tutorial-5",
        "category": 8,
        "author": 2,
        "preview_text": "Inhabiting discretion the her dispatched decisively boisterous joy. So form were wish open is able of mile of. Waiting express if prevent it we an musical. Especially reasonable travelling she son. Resources resembled forfeited no to zealously. Has procured daughter how friendly followed repeated who surprise. Great asked oh under on voice downs. Law together prospect kindness securing six. Learning why get hastened smallest cheerful. At ourselves direction believing do he departure. Celebrated winter had.",
        "preview_image": "",
        "content": "<p style=\"text-align:justify\">Lorem ipsum dolor sit amet, consectetur adipiscing elit. Donec pulvinar dui neque, vitae ornare ipsum gravida tincidunt. Fusce nec mi ex. Praesent consectetur fringilla urna ac dictum. Pellentesque ac risus at diam euismod commodo. Suspendisse id facilisis neque, ac sodales dolor. Nunc interdum nunc dictum ligula eleifend suscipit.&nbsp;<s>Quisque enim lectus, ultricies quis convallis quis, molestie ac nisl.</s>&nbsp;Curabitur ac dictum erat. Phasellus lectus nisl, viverra quis lacus nec, porttitor eleifend enim. Nunc massa velit, condimentum sit amet pellentesque vitae, placerat nec risus.&nbsp;<strong>Pellentesque aliquam enim dolor, et convallis nisi tristique sodales.</strong>&nbsp;Pellentesque ut maximus velit. Proin vitae libero in.</p>\r\n\r\n<p style=\"text-align:justify\"><img alt=\"Article image\" src=\"https://picsum.photos/1920/1080\" style=\"width:100%\" /></p>\r\n\r\n<p style=\"text-align:justify\">Lorem ipsum dolor sit amet, consectetur adipiscing elit. Phasellus hendrerit, arcu eget feugiat auctor, orci purus aliquet eros, ut vulputate tortor purus a diam. Maecenas vestibulum purus in diam blandit, consequat fringilla lacus gravida. Proin ultricies suscipit enim, nec molestie nulla ultrices ac. Curabitur vestibulum, mi non tristique suscipit, odio ligula placerat neque, id feugiat nibh tellus vitae justo. Pellentesque malesuada metus vel quam efficitur tincidunt. Ut eget dignissim felis, in tempor risus. Proin tincidunt gravida neque semper euismod. Mauris rutrum rutrum gravida. Maecenas ultricies diam vel lectus venenatis blandit.</p>\r\n\r\n<p style=\"text-align:justify\">Fusce eget neque at leo sagittis efficitur ut vestibulum nibh. Donec vel tortor sit amet ante interdum facilisis eget sit amet dui. Nulla quis leo eget augue rhoncus tristique eu eu nulla. Nullam maximus, nibh eu dignissim sodales, arcu ex porta urna, eget porttitor massa leo quis massa. Nulla bibendum euismod malesuada. Morbi non magna nec lorem ultrices pulvinar in in tellus. Mauris et efficitur sem, pulvinar ornare leo.</p>\r\n\r\n<p style=\"text-align:justify\">Nullam vel sollicitudin mauris. Suspendisse enim elit, scelerisque a varius sed, aliquet sed magna. Donec malesuada sem et pulvinar rhoncus. Nulla accumsan, nulla sed iaculis molestie, nulla nulla blandit dolor, sed egestas leo lectus eget leo. Maecenas pharetra fermentum neque, nec.</p>",
        "created_at": "2022-03-18T10:27:36Z",
        "modified_at": "2024-10-01T15:56:57.705Z",
        "is_published": true,
        "views_count": 301,
        "users_that_liked": [
            2,
            3,
            4
        ]
    }
},
{
    "model": "articles.article",
    "pk": 37,
    "fields": {
        "title": "45,000 Marine Species Are at-Risk: Whats Most Vulnerable?",
        "slug": "45000-marine-species-are-at-risk-whats-most-vulnerable",
        "category": 10,
        "author": 4,
        "preview_text": "Inhabiting discretion the her dispatched decisively boisterous joy. So form were wish open is able of mile of. Waiting express if prevent it we an musical. Especially reasonable travelling she son. Resources resembled forfeited no to zealously. Has procured daughter how friendly followed repeated who surprise. Great asked oh under on voice downs. Law together prospect kindness securing six. Learning why get hastened smallest cheerful. At ourselves direction believing do he departure. Celebrated winter had.",
        "preview_image": "",
        "content": "<p style=\"text-align:justify\">Lorem ipsum dolor sit amet, consectetur adipiscing elit. Donec pulvinar dui neque, vitae ornare ipsum gravida tincidunt. Fusce nec mi ex. Praesent consectetur fringilla urna ac dictum. Pellentesque ac risus at diam euismod commodo. Suspendisse id facilisis neque, ac sodales dolor. Nunc interdum nunc dictum ligula eleifend suscipit.&nbsp;<s>Quisque enim lectus, ultricies quis convallis quis, molestie ac nisl.</s>&nbsp;Curabitur ac dictum erat. Phasellus lectus nisl, viverra quis lacus nec, porttitor eleifend enim. Nunc massa velit, condimentum sit amet pellentesque vitae, placerat nec risus.&nbsp;<strong>Pellentesque aliquam enim dolor, et convallis nisi tristique sodales.</strong>&nbsp;Pellentesque ut maximus velit. Proin vitae libero in.</p>\r\n\r\n<p style=\"text-align:justify\"><img alt=\"Article image\" src=\"https://picsum.photos/1920/1080\" style=\"width:100%\" /></p>\r\n\r\n<p style=\"text-align:justify\">Lorem ipsum dolor sit amet, consectetur adipiscing elit. Phasellus hendrerit, arcu eget feugiat auctor, orci purus aliquet eros, ut vulputate tortor purus a diam. Maecenas vestibulum purus in diam blandit, consequat fringilla lacus gravida. Proin ultricies suscipit enim, nec molestie nulla ultrices ac. Curabitur vestibulum, mi non tristique suscipit, odio ligula placerat neque, id feugiat nibh tellus vitae justo. Pellentesque malesuada metus vel quam efficitur tincidunt. Ut eget dignissim felis, in tempor risus. Proin tincidunt gravida neque semper euismod. Mauris rutrum rutrum gravida. Maecenas ultricies diam vel lectus venenatis blandit.</p>\r\n\r\n<p style=\"text-align:justify\">Fusce eget neque at leo sagittis efficitur ut vestibulum nibh. Donec vel tortor sit amet ante interdum facilisis eget sit amet dui. Nulla quis leo eget augue rhoncus tristique eu eu nulla. Nullam maximus, nibh eu dignissim sodales, arcu ex porta urna, eget porttitor massa leo quis massa. Nulla bibendum euismod malesuada. Morbi non magna nec lorem ultrices pulvinar in in tellus. Mauris et efficitur sem, pulvinar ornare leo.</p>\r\n\r\n<p style=\"text-align:justify\">Nullam vel sollicitudin mauris. Suspendisse enim elit, scelerisque a varius sed, aliquet sed magna. Donec malesuada sem et pulvinar rhoncus. Nulla accumsan, nulla sed iaculis molestie, nulla nulla blandit dolor, sed egestas leo lectus eget leo. Maecenas pharetra fermentum neque, nec.</p>",
        "created_at": "2022-06-26T10:35:14Z",
        "modified_at": "2024-10-01T15:33:57.760Z",
        "is_published": true,
        "views_count": 300,
        "users_that_liked": [
            1,
            2,
            3,
            4
        ]
    }
},
{
    "model": "articles.article",
    "pk": 38,
    "fields": {
        "title": "Top 10 Greatest Cricketers Of All Time",
        "slug": "top-10-greatest-cricketers-of-all-time",
        "category": 12,
        "author": 4,
        "preview_text": "Inhabiting discretion the her dispatched decisively boisterous joy. So form were wish open is able of mile of. Waiting express if prevent it we an musical. Especially reasonable travelling she son. Resources resembled forfeited no to zealously. Has procured daughter how friendly followed repeated who surprise. Great asked oh under on voice downs. Law together prospect kindness securing six. Learning why get hastened smallest cheerful. At ourselves direction believing do he departure. Celebrated winter had.",
        "preview_image": "",
        "content": "<p style=\"text-align:justify\">Lorem ipsum dolor sit amet, consectetur adipiscing elit. Donec pulvinar dui neque, vitae ornare ipsum gravida tincidunt. Fusce nec mi ex. Praesent consectetur fringilla urna ac dictum. Pellentesque ac risus at diam euismod commodo. Suspendisse id facilisis neque, ac sodales dolor. Nunc interdum nunc dictum ligula eleifend suscipit.&nbsp;<s>Quisque enim lectus, ultricies quis convallis quis, molestie ac nisl.</s>&nbsp;Curabitur ac dictum erat. Phasellus lectus nisl, viverra quis lacus nec, porttitor eleifend enim. Nunc massa velit, condimentum sit amet pellentesque vitae, placerat nec risus.&nbsp;<strong>Pellentesque aliquam enim dolor, et convallis nisi tristique sodales.</strong>&nbsp;Pellentesque ut maximus velit. Proin vitae libero in.</p>\r\n\r\n<p style=\"text-align:justify\"><img alt=\"Article image\" src=\"https://picsum.photos/1920/1080\" style=\"width:100%\" /></p>\r\n\r\n<p style=\"text-align:justify\">Lorem ipsum dolor sit amet, consectetur adipiscing elit. Phasellus hendrerit, arcu eget feugiat auctor, orci purus aliquet eros, ut vulputate tortor purus a diam. Maecenas vestibulum purus in diam blandit, consequat fringilla lacus gravida. Proin ultricies suscipit enim, nec molestie nulla ultrices ac. Curabitur vestibulum, mi non tristique suscipit, odio ligula placerat neque, id feugiat nibh tellus vitae justo. Pellentesque malesuada metus vel quam efficitur tincidunt. Ut eget dignissim felis, in tempor risus. Proin tincidunt gravida neque semper euismod. Mauris rutrum rutrum gravida. Maecenas ultricies diam vel lectus venenatis blandit.</p>\r\n\r\n<p style=\"text-align:justify\">Fusce eget neque at leo sagittis efficitur ut vestibulum nibh. Donec vel tortor sit amet ante interdum facilisis eget sit amet dui. Nulla quis leo eget augue rhoncus tristique eu eu nulla. Nullam maximus, nibh eu dignissim sodales, arcu ex porta urna, eget porttitor massa leo quis massa. Nulla bibendum euismod malesuada. Morbi non magna nec lorem ultrices pulvinar in in tellus. Mauris et efficitur sem, pulvinar ornare leo.</p>\r\n\r\n<p style=\"text-align:justify\">Nullam vel sollicitudin mauris. Suspendisse enim elit, scelerisque a varius sed, aliquet sed magna. Donec malesuada sem et pulvinar rhoncus. Nulla accumsan, nulla sed iaculis molestie, nulla nulla blandit dolor, sed egestas leo lectus eget leo. Maecenas pharetra fermentum neque, nec.</p>",
        "created_at": "2022-07-18T10:42:19Z",
        "modified_at": "2024-10-01T15:33:57.757Z",
        "is_published": true,
        "views_count": 60,
        "users_that_liked": [
            1,
            2,
            3,
            4
        ]
    }
},
{
    "model": "articles.article",
    "pk": 39,
    "fields": {
        "title": "Renaissance art history. Part 3",
        "slug": "renaissance-art-history-part3",
        "category": 11,
        "author": 4,
        "preview_text": "Inhabiting discretion the her dispatched decisively boisterous joy. So form were wish open is able of mile of. Waiting express if prevent it we an musical. Especially reasonable travelling she son. Resources resembled forfeited no to zealously. Has procured daughter how friendly followed repeated who surprise. Great asked oh under on voice downs. Law together prospect kindness securing six. Learning why get hastened smallest cheerful. At ourselves direction believing do he departure. Celebrated winter had.",
        "preview_image": "",
        "content": "<p style=\"text-align:justify\">Lorem ipsum dolor sit amet, consectetur adipiscing elit. Donec pulvinar dui neque, vitae ornare ipsum gravida tincidunt. Fusce nec mi ex. Praesent consectetur fringilla urna ac dictum. Pellentesque ac risus at diam euismod commodo. Suspendisse id facilisis neque, ac sodales dolor. Nunc interdum nunc dictum ligula eleifend suscipit.&nbsp;<s>Quisque enim lectus, ultricies quis convallis quis, molestie ac nisl.</s>&nbsp;Curabitur ac dictum erat. Phasellus lectus nisl, viverra quis lacus nec, porttitor eleifend enim. Nunc massa velit, condimentum sit amet pellentesque vitae, placerat nec risus.&nbsp;<strong>Pellentesque aliquam enim dolor, et convallis nisi tristique sodales.</strong>&nbsp;Pellentesque ut maximus velit. Proin vitae libero in.</p>\r\n\r\n<p style=\"text-align:justify\"><img alt=\"Article image\" src=\"https://picsum.photos/1920/1080\" style=\"width:100%\" /></p>\r\n\r\n<p style=\"text-align:justify\">Lorem ipsum dolor sit amet, consectetur adipiscing elit. Phasellus hendrerit, arcu eget feugiat auctor, orci purus aliquet eros, ut vulputate tortor purus a diam. Maecenas vestibulum purus in diam blandit, consequat fringilla lacus gravida. Proin ultricies suscipit enim, nec molestie nulla ultrices ac. Curabitur vestibulum, mi non tristique suscipit, odio ligula placerat neque, id feugiat nibh tellus vitae justo. Pellentesque malesuada metus vel quam efficitur tincidunt. Ut eget dignissim felis, in tempor risus. Proin tincidunt gravida neque semper euismod. Mauris rutrum rutrum gravida. Maecenas ultricies diam vel lectus venenatis blandit.</p>\r\n\r\n<p style=\"text-align:justify\">Fusce eget neque at leo sagittis efficitur ut vestibulum nibh. Donec vel tortor sit amet ante interdum facilisis eget sit amet dui. Nulla quis leo eget augue rhoncus tristique eu eu nulla. Nullam maximus, nibh eu dignissim sodales, arcu ex porta urna, eget porttitor massa leo quis massa. Nulla bibendum euismod malesuada. Morbi non magna nec lorem ultrices pulvinar in in tellus. Mauris et efficitur sem, pulvinar ornare leo.</p>\r\n\r\n<p style=\"text-align:justify\">Nullam vel sollicitudin mauris. Suspendisse enim elit, scelerisque a varius sed, aliquet sed magna. Donec malesuada sem et pulvinar rhoncus. Nulla accumsan, nulla sed iaculis molestie, nulla nulla blandit dolor, sed egestas leo lectus eget leo. Maecenas pharetra fermentum neque, nec.</p>",
        "created_at": "2022-08-13T10:44:05Z",
        "modified_at": "2024-10-01T15:33:57.752Z",
        "is_published": true,
        "views_count": 125,
        "users_that_liked": [
            1,
            2,
            3,
            4
        ]
    }
},
{
    "model": "articles.article",
    "pk": 40,
    "fields": {
        "title": "Classic Ukrainian Borscht recipe",
        "slug": "classic-ukrainian-borscht-recipe",
        "category": 9,
        "author": 2,
        "preview_text": "Inhabiting discretion the her dispatched decisively boisterous joy. So form were wish open is able of mile of. Waiting express if prevent it we an musical. Especially reasonable travelling she son. Resources resembled forfeited no to zealously. Has procured daughter how friendly followed repeated who surprise. Great asked oh under on voice downs. Law together prospect kindness securing six. Learning why get hastened smallest cheerful. At ourselves direction believing do he departure. Celebrated winter had.",
        "preview_image": "",
        "content": "<p style=\"text-align: justify;\">Lorem ipsum dolor sit amet, consectetur adipiscing elit. Donec pulvinar dui neque, vitae ornare ipsum gravida tincidunt. Fusce nec mi ex. Praesent consectetur fringilla urna ac dictum. Pellentesque ac risus at diam euismod commodo. Suspendisse id facilisis neque, ac sodales dolor. Nunc interdum nunc dictum ligula eleifend suscipit. <s>Quisque enim lectus, ultricies quis convallis quis, molestie ac nisl.</s> Curabitur ac dictum erat. Phasellus lectus nisl, viverra quis lacus nec, porttitor eleifend enim. Nunc massa velit, condimentum sit amet pellentesque vitae, placerat nec risus. <strong>Pellentesque aliquam enim dolor, et convallis nisi tristique sodales.</strong> Pellentesque ut maximus velit. Proin vitae libero in.</p>\r\n<p style=\"text-align: justify;\"><img style=\"width: 100%;\" src=\"https://picsum.photos/1920/1080\" alt=\"Article image\"></p>\r\n<p style=\"text-align: justify;\">Lorem ipsum dolor sit amet, consectetur adipiscing elit. Phasellus hendrerit, arcu eget feugiat auctor, orci purus aliquet eros, ut vulputate tortor purus a diam. Maecenas vestibulum purus in diam blandit, consequat fringilla lacus gravida. Proin ultricies suscipit enim, nec molestie nulla ultrices ac. Curabitur vestibulum, mi non tristique suscipit, odio ligula placerat neque, id feugiat nibh tellus vitae justo. Pellentesque malesuada metus vel quam efficitur tincidunt. Ut eget dignissim felis, in tempor risus. Proin tincidunt gravida neque semper euismod. Mauris rutrum rutrum gravida. Maecenas ultricies diam vel lectus venenatis blandit.</p>\r\n<p style=\"text-align: justify;\">Fusce eget neque at leo sagittis efficitur ut vestibulum nibh. Donec vel tortor sit amet ante interdum facilisis eget sit amet dui. Nulla quis leo eget augue rhoncus tristique eu eu nulla. Nullam maximus, nibh eu dignissim sodales, arcu ex porta urna, eget porttitor massa leo quis massa. Nulla bibendum euismod malesuada. Morbi non magna nec lorem ultrices pulvinar in in tellus. Mauris et efficitur sem, pulvinar ornare leo.</p>\r\n<p style=\"text-align: justify;\">Nullam vel sollicitudin mauris. Suspendisse enim elit, scelerisque a varius sed, aliquet sed magna. Donec malesuada sem et pulvinar rhoncus. Nulla accumsan, nulla sed iaculis molestie, nulla nulla blandit dolor, sed egestas leo lectus eget leo. Maecenas pharetra fermentum neque, nec.</p>",
        "created_at": "2023-10-18T10:44:37Z",
        "modified_at": "2024-10-01T16:00:13.227Z",
        "is_published": true,
        "views_count": 1009,
        "users_that_liked": [
            2,
            3,
            4
        ]
    }
},
{
    "model": "articles.article",
    "pk": 41,
    "fields": {
        "title": "World's rarest animal born at the zoo",
        "slug": "worlds-rarest-animal-born-at-the-zoo",
        "category": 10,
        "author": 1,
        "preview_text": "Inhabiting discretion the her dispatched decisively boisterous joy. So form were wish open is able of mile of. Waiting express if prevent it we an musical. Especially reasonable travelling she son. Resources resembled forfeited no to zealously. Has procured daughter how friendly followed repeated who surprise. Great asked oh under on voice downs. Law together prospect kindness securing six. Learning why get hastened smallest cheerful. At ourselves direction believing do he departure. Celebrated winter had.",
        "preview_image": "",
        "content": "<p>Inhabiting discretion the her dispatched decisively boisterous joy. So form were wish open is able of mile of. Waiting express if prevent it we an musical. Especially reasonable travelling she son. Resources resembled forfeited no to zealously. Has procured daughter how friendly followed repeated who surprise. Great asked oh under on voice downs. Law together prospect kindness securing six. Learning why get hastened smallest cheerful. At ourselves direction believing do he departure. Celebrated winter had.</p>\r\n<p>Inhabiting discretion the her dispatched decisively boisterous joy. So form were wish open is able of mile of. Waiting express if prevent it we an musical. Especially reasonable travelling she son. Resources resembled forfeited no to zealously. Has procured daughter how friendly followed repeated who surprise. Great asked oh under on voice downs. Law together prospect kindness securing six. Learning why get hastened smallest cheerful. At ourselves direction believing do he departure. Celebrated winter had.</p>",
        "created_at": "2024-02-10T15:36:06Z",
        "modified_at": "2024-10-01T15:56:57.701Z",
        "is_published": true,
        "views_count": 111,
        "users_that_liked": []
    }
},
{
    "model": "articles.article",
    "pk": 42,
    "fields": {
        "title": "How to get better at football",
        "slug": "how-to-get-better-at-football",
        "category": 12,
        "author": 1,
        "preview_text": "Inhabiting discretion the her dispatched decisively boisterous joy. So form were wish open is able of mile of. Waiting express if prevent it we an musical. Especially reasonable travelling she son. Resources resembled forfeited no to zealously. Has procured daughter how friendly followed repeated who surprise. Great asked oh under on voice downs. Law together prospect kindness securing six. Learning why get hastened smallest cheerful. At ourselves direction believing do he departure. Celebrated winter had.",
        "preview_image": "",
        "content": "<p>Inhabiting discretion the her dispatched decisively boisterous joy. So form were wish open is able of mile of. Waiting express if prevent it we an musical. Especially reasonable travelling she son. Resources resembled forfeited no to zealously. Has procured daughter how friendly followed repeated who surprise. Great asked oh under on voice downs. Law together prospect kindness securing six. Learning why get hastened smallest cheerful. At ourselves direction believing do he departure. Celebrated winter had.</p>",
        "created_at": "2024-06-01T15:38:49Z",
        "modified_at": "2024-10-01T15:56:57.698Z",
        "is_published": true,
        "views_count": 42,
        "users_that_liked": []
    }
},
{
    "model": "articles.article",
    "pk": 43,
    "fields": {
        "title": "A Beginners Guide to Painting with Acrylics: Part 1",
        "slug": "a-beginners-guide-to-painting-with-acrylics-part-1",
        "category": 11,
        "author": 1,
        "preview_text": "Inhabiting discretion the her dispatched decisively boisterous joy. So form were wish open is able of mile of. Waiting express if prevent it we an musical. Especially reasonable travelling she son. Resources resembled forfeited no to zealously. Has procured daughter how friendly followed repeated who surprise. Great asked oh under on voice downs. Law together prospect kindness securing six. Learning why get hastened smallest cheerful. At ourselves direction believing do he departure. Celebrated winter had.",
        "preview_image": "",
        "content": "<p>Inhabiting discretion the her dispatched decisively boisterous joy. So form were wish open is able of mile of. Waiting express if prevent it we an musical. Especially reasonable travelling she son. Resources resembled forfeited no to zealously. Has procured daughter how friendly followed repeated who surprise. Great asked oh under on voice downs. Law together prospect kindness securing six. Learning why get hastened smallest cheerful. At ourselves direction believing do he departure. Celebrated winter had.</p>\r\n<p><img style=\"display: block; margin-left: auto; margin-right: auto;\" src=\"https://picsum.photos/500/200\" alt=\"\" width=\"100%\"></p>\r\n<p>Inhabiting discretion the her dispatched decisively boisterous joy. So form were wish open is able of mile of. Waiting express if prevent it we an musical. Especially reasonable travelling she son. Resources resembled forfeited no to zealously. Has procured daughter how friendly followed repeated who surprise. Great asked oh under on voice downs. Law together prospect kindness securing six. Learning why get hastened smallest cheerful. At ourselves direction believing do he departure. Celebrated winter had.</p>",
        "created_at": "2024-08-05T15:43:32Z",
        "modified_at": "2024-10-01T15:56:57.694Z",
        "is_published": true,
        "views_count": 53,
        "users_that_liked": []
    }
},
{
    "model": "articles.article",
    "pk": 44,
    "fields": {
        "title": "A Beginners Guide to Painting with Acrylics: Part 2",
        "slug": "a-beginners-guide-to-painting-with-acrylics-part-2",
        "category": 11,
        "author": 1,
        "preview_text": "Inhabiting discretion the her dispatched decisively boisterous joy. So form were wish open is able of mile of. Waiting express if prevent it we an musical. Especially reasonable travelling she son. Resources resembled forfeited no to zealously. Has procured daughter how friendly followed repeated who surprise. Great asked oh under on voice downs. Law together prospect kindness securing six. Learning why get hastened smallest cheerful. At ourselves direction believing do he departure. Celebrated winter had.",
        "preview_image": "",
        "content": "<p><img style=\"display: block; margin-left: auto; margin-right: auto;\" src=\"https://picsum.photos/700/300\" alt=\"\" width=\"100%\"></p>\r\n<p>Has procured daughter how friendly followed repeated who surprise. Great asked oh under on voice downs. Law together prospect kindness securing six. Learning why get hastened smallest cheerful. At ourselves direction believing do he departure. Celebrated winter had.</p>\r\n<p>Inhabiting discretion the her dispatched decisively boisterous joy. So form were wish open is able of mile of. Waiting express if prevent it we an musical.&nbsp;<strong>Especially reasonable</strong> travelling she son. Resources resembled forfeited no to zealously. Has procured daughter how friendly followed repeated who surprise. Great asked oh under on voice downs. Law together prospect kindness securing six. Learning why get hastened smallest cheerful. At ourselves direction believing do he departure. Celebrated winter had.</p>",
        "created_at": "2024-09-01T15:48:48Z",
        "modified_at": "2024-10-01T16:04:40.789Z",
        "is_published": true,
        "views_count": 64,
        "users_that_liked": []
    }
},
{
    "model": "articles.article",
    "pk": 45,
    "fields": {
        "title": "How to start programming in 10 minutes",
        "slug": "how-to-start-programming-in-10-minutes",
        "category": 8,
        "author": 1,
        "preview_text": "Inhabiting discretion the her dispatched decisively boisterous joy. So form were wish open is able of mile of. Waiting express if prevent it we an musical. Especially reasonable travelling she son. Resources resembled forfeited no to zealously. Has procured daughter how friendly followed repeated who surprise. Great asked oh under on voice downs. Law together prospect kindness securing six. Learning why get hastened smallest cheerful. At ourselves direction believing do he departure. Celebrated winter had.",
        "preview_image": "",
        "content": "<p>Inhabiting discretion the her dispatched decisively boisterous joy. So form were wish open is able of mile of. Waiting express if prevent it we an musical. Especially reasonable travelling she son. Resources resembled forfeited no to zealously. Has procured daughter how friendly followed repeated who surprise. Great asked oh under on voice downs. Law together prospect kindness securing six. Learning why get hastened smallest cheerful. At ourselves direction believing do he departure. Celebrated winter had.</p>\r\n<p><img src=\"https://picsum.photos/1920/1080\" alt=\"\" width=\"100%\"></p>\r\n<p>Inhabiting discretion the her dispatched decisively boisterous joy. So form were wish open is able of mile of. Waiting express if prevent it we an musical. Especially reasonable travelling she son. Resources resembled forfeited no to zealously. Has procured daughter how friendly followed repeated who surprise. Great asked oh under on voice downs. Law together prospect kindness securing six. Learning why get hastened smallest cheerful. At ourselves direction believing do he departure. Celebrated winter had.</p>",
        "created_at": "2024-09-20T15:52:46Z",
        "modified_at": "2024-10-01T16:03:57.285Z",
        "is_published": true,
        "views_count": 22,
        "users_that_liked": []
    }
},
{
    "model": "articles.article",
    "pk": 46,
    "fields": {
        "title": "How to make sushi rolls at home",
        "slug": "how-to-make-sushi-rolls-at-home",
        "category": 9,
        "author": 2,
        "preview_text": "Inhabiting discretion the her dispatched decisively boisterous joy. So form were wish open is able of mile of. Waiting express if prevent it we an musical. Especially reasonable travelling she son. Resources resembled forfeited no to zealously. Has procured daughter how friendly followed repeated who surprise. Great asked oh under on voice downs. Law together prospect kindness securing six. Learning why get hastened smallest cheerful. At ourselves direction believing do he departure. Celebrated winter had.",
        "preview_image": "",
        "content": "<p>Inhabiting discretion the her dispatched decisively boisterous joy. So form were wish open is able of mile of. Waiting express if prevent it we an musical. Especially reasonable travelling she son. Resources resembled forfeited no to zealously. Has procured daughter how friendly followed repeated who surprise. Great asked oh under on voice downs. Law together prospect kindness securing six. Learning why get hastened smallest cheerful. At ourselves direction believing do he departure. Celebrated winter had.</p>\r\n<p><img src=\"https://picsum.photos/1920/1080\" alt=\"\" width=\"100%\"></p>\r\n<p>Inhabiting discretion the her dispatched decisively boisterous joy. So form were wish open is able of mile of. Waiting express if prevent it we an musical. Especially reasonable travelling she son. Resources resembled forfeited no to zealously. Has procured daughter how friendly followed repeated who surprise. Great asked oh under on voice downs. Law together prospect kindness securing six. Learning why get hastened smallest cheerful. At ourselves direction believing do he departure. Celebrated winter had.</p>",
        "created_at": "2024-10-01T14:56:08.615Z",
        "modified_at": "2024-10-01T16:02:27.959Z",
        "is_published": true,
        "views_count": 115,
        "users_that_liked": [
            1,
            2
        ]
    }
},
{
    "model": "articles.articlecategory",
    "pk": 8,
    "fields": {
        "title": "Technologies",
        "slug": "technologies",
        "image": "articles/categories/programming.jpg"
    }
},
{
    "model": "articles.articlecategory",
    "pk": 9,
    "fields": {
        "title": "Cooking",
        "slug": "cooking",
        "image": "articles/categories/cooking.jpg"
    }
},
{
    "model": "articles.articlecategory",
    "pk": 10,
    "fields": {
        "title": "News",
        "slug": "news",
        "image": "articles/categories/news.jpg"
    }
},
{
    "model": "articles.articlecategory",
    "pk": 11,
    "fields": {
        "title": "Art",
        "slug": "art",
        "image": "articles/categories/renaissance_art.jpeg"
    }
},
{
    "model": "articles.articlecategory",
    "pk": 12,
    "fields": {
        "title": "Sport",
        "slug": "sport",
        "image": "articles/categories/cricket.jpg"
    }
},
{
    "model": "articles.articlecomment",
    "pk": 46,
    "fields": {
        "article": 21,
        "author": 4,
        "text": "Nice article!",
        "created_at": "2022-02-18T08:48:29.192Z",
        "users_that_liked": [
            2,
            3,
            4
        ]
    }
},
{
    "model": "articles.articlecomment",
    "pk": 47,
    "fields": {
        "article": 21,
        "author": 3,
        "text": "Thank you for this tutorial!",
        "created_at": "2022-02-18T08:48:29.216Z",
        "users_that_liked": [
            2
        ]
    }
},
{
    "model": "articles.articlecomment",
    "pk": 48,
    "fields": {
        "article": 22,
        "author": 4,
        "text": "Nice article!",
        "created_at": "2022-02-18T08:48:49.504Z",
        "users_that_liked": [
            2,
            3,
            4
        ]
    }
},
{
    "model": "articles.articlecomment",
    "pk": 49,
    "fields": {
        "article": 22,
        "author": 3,
        "text": "Thank you for this tutorial!",
        "created_at": "2022-02-18T08:48:49.529Z",
        "users_that_liked": [
            2
        ]
    }
},
{
    "model": "articles.articlecomment",
    "pk": 50,
    "fields": {
        "article": 21,
        "author": 1,
        "text": "Just a comment",
        "created_at": "2022-02-18T08:55:01.511Z",
        "users_that_liked": [
            2
        ]
    }
},
{
    "model": "articles.articlecomment",
    "pk": 51,
    "fields": {
        "article": 23,
        "author": 3,
        "text": "Nice recipe! Very tasty!",
        "created_at": "2022-02-18T09:55:19.908Z",
        "users_that_liked": [
            2,
            4
        ]
    }
},
{
    "model": "articles.articlecomment",
    "pk": 52,
    "fields": {
        "article": 23,
        "author": 4,
        "text": "Cool! I'll try to cook it asap!",
        "created_at": "2022-02-18T09:55:19.935Z",
        "users_that_liked": [
            2,
            3
        ]
    }
},
{
    "model": "articles.articlecomment",
    "pk": 53,
    "fields": {
        "article": 24,
        "author": 4,
        "text": "Nice article!",
        "created_at": "2022-02-18T09:58:20.321Z",
        "users_that_liked": [
            2,
            3,
            4
        ]
    }
},
{
    "model": "articles.articlecomment",
    "pk": 54,
    "fields": {
        "article": 24,
        "author": 2,
        "text": "Thank you for this tutorial!",
        "created_at": "2022-02-18T09:58:20.344Z",
        "users_that_liked": [
            2
        ]
    }
},
{
    "model": "articles.articlecomment",
    "pk": 55,
    "fields": {
        "article": 25,
        "author": 4,
        "text": "Nice article!",
        "created_at": "2022-02-18T09:59:43.983Z",
        "users_that_liked": [
            2,
            3,
            4
        ]
    }
},
{
    "model": "articles.articlecomment",
    "pk": 56,
    "fields": {
        "article": 25,
        "author": 2,
        "text": "Thank you for this tutorial!",
        "created_at": "2022-02-18T09:59:44.007Z",
        "users_that_liked": [
            2
        ]
    }
},
{
    "model": "articles.articlecomment",
    "pk": 57,
    "fields": {
        "article": 26,
        "author": 4,
        "text": "Nice article!",
        "created_at": "2022-02-18T10:00:05.432Z",
        "users_that_liked": [
            2,
            3,
            4
        ]
    }
},
{
    "model": "articles.articlecomment",
    "pk": 58,
    "fields": {
        "article": 26,
        "author": 2,
        "text": "Thank you for this tutorial!",
        "created_at": "2022-02-18T10:00:05.456Z",
        "users_that_liked": [
            2
        ]
    }
},
{
    "model": "articles.articlecomment",
    "pk": 59,
    "fields": {
        "article": 27,
        "author": 4,
        "text": "Nice article!",
        "created_at": "2022-02-18T10:00:18.390Z",
        "users_that_liked": [
            2,
            3,
            4
        ]
    }
},
{
    "model": "articles.articlecomment",
    "pk": 60,
    "fields": {
        "article": 27,
        "author": 2,
        "text": "Thank you for this tutorial!",
        "created_at": "2022-02-18T10:00:18.414Z",
        "users_that_liked": [
            2
        ]
    }
},
{
    "model": "articles.articlecomment",
    "pk": 61,
    "fields": {
        "article": 29,
        "author": 4,
        "text": "Nice article!",
        "created_at": "2022-02-18T10:16:29.007Z",
        "users_that_liked": [
            2,
            3,
            4
        ]
    }
},
{
    "model": "articles.articlecomment",
    "pk": 62,
    "fields": {
        "article": 29,
        "author": 2,
        "text": "Thank you for this tutorial!",
        "created_at": "2022-02-18T10:16:29.033Z",
        "users_that_liked": [
            2
        ]
    }
},
{
    "model": "articles.articlecomment",
    "pk": 63,
    "fields": {
        "article": 30,
        "author": 4,
        "text": "Nice article!",
        "created_at": "2022-02-18T10:16:45.631Z",
        "users_that_liked": [
            2,
            3,
            4
        ]
    }
},
{
    "model": "articles.articlecomment",
    "pk": 64,
    "fields": {
        "article": 30,
        "author": 2,
        "text": "Thank you for this tutorial!",
        "created_at": "2022-02-18T10:16:45.654Z",
        "users_that_liked": [
            2
        ]
    }
},
{
    "model": "articles.articlecomment",
    "pk": 65,
    "fields": {
        "article": 32,
        "author": 3,
        "text": "Nice recipe! Very tasty!",
        "created_at": "2022-02-18T10:23:12.238Z",
        "users_that_liked": [
            2,
            4
        ]
    }
},
{
    "model": "articles.articlecomment",
    "pk": 66,
    "fields": {
        "article": 32,
        "author": 4,
        "text": "Cool! I'll try to cook it asap!",
        "created_at": "2022-02-18T10:23:12.262Z",
        "users_that_liked": [
            2,
            3
        ]
    }
},
{
    "model": "articles.articlecomment",
    "pk": 67,
    "fields": {
        "article": 33,
        "author": 3,
        "text": "Nice recipe! Very tasty!",
        "created_at": "2022-02-18T10:24:09.398Z",
        "users_that_liked": [
            2,
            4
        ]
    }
},
{
    "model": "articles.articlecomment",
    "pk": 68,
    "fields": {
        "article": 33,
        "author": 4,
        "text": "Cool! I'll try to cook it asap!",
        "created_at": "2022-02-18T10:24:09.423Z",
        "users_that_liked": [
            2,
            3
        ]
    }
},
{
    "model": "articles.articlecomment",
    "pk": 69,
    "fields": {
        "article": 34,
        "author": 4,
        "text": "Nice article!",
        "created_at": "2022-02-18T10:26:11.369Z",
        "users_that_liked": [
            2,
            3,
            4
        ]
    }
},
{
    "model": "articles.articlecomment",
    "pk": 70,
    "fields": {
        "article": 34,
        "author": 3,
        "text": "Thank you for this tutorial!",
        "created_at": "2022-02-18T10:26:11.394Z",
        "users_that_liked": [
            2
        ]
    }
},
{
    "model": "articles.articlecomment",
    "pk": 71,
    "fields": {
        "article": 35,
        "author": 4,
        "text": "Nice article!",
        "created_at": "2022-02-18T10:26:19.523Z",
        "users_that_liked": [
            2,
            3,
            4
        ]
    }
},
{
    "model": "articles.articlecomment",
    "pk": 72,
    "fields": {
        "article": 35,
        "author": 3,
        "text": "Thank you for this tutorial!",
        "created_at": "2022-02-18T10:26:19.546Z",
        "users_that_liked": [
            2
        ]
    }
},
{
    "model": "articles.articlecomment",
    "pk": 73,
    "fields": {
        "article": 36,
        "author": 4,
        "text": "Nice article!",
        "created_at": "2022-02-18T10:26:37.279Z",
        "users_that_liked": [
            2,
            3,
            4
        ]
    }
},
{
    "model": "articles.articlecomment",
    "pk": 74,
    "fields": {
        "article": 36,
        "author": 3,
        "text": "Thank you for this tutorial!",
        "created_at": "2022-02-18T10:26:37.301Z",
        "users_that_liked": [
            2
        ]
    }
},
{
    "model": "articles.articlecomment",
    "pk": 75,
    "fields": {
        "article": 40,
        "author": 3,
        "text": "Nice recipe! Very tasty!",
        "created_at": "2022-02-18T10:43:37.389Z",
        "users_that_liked": [
            2,
            4,
            1
        ]
    }
},
{
    "model": "articles.articlecomment",
    "pk": 76,
    "fields": {
        "article": 40,
        "author": 4,
        "text": "Cool! I'll try to cook it asap!",
        "created_at": "2022-02-18T10:43:37.412Z",
        "users_that_liked": [
            2,
            3
        ]
    }
},
{
    "model": "articles.articlecomment",
    "pk": 77,
    "fields": {
        "article": 39,
        "author": 4,
        "text": "Good article!",
        "created_at": "2022-02-18T11:06:23.668Z",
        "users_that_liked": [
            1
        ]
    }
},
{
    "model": "articles.articlecomment",
    "pk": 78,
    "fields": {
        "article": 46,
        "author": 1,
        "text": "Great recipe!",
        "created_at": "2024-10-01T16:02:27.972Z",
        "users_that_liked": [
            2
        ]
    }
},
{
    "model": "articles.articlecomment",
    "pk": 79,
    "fields": {
        "article": 45,
        "author": 4,
        "text": "Cool!",
        "created_at": "2024-10-01T16:03:57.296Z",
        "users_that_liked": [
            3
        ]
    }
},
{
    "model": "articles.articlecomment",
    "pk": 80,
    "fields": {
        "article": 45,
        "author": 3,
        "text": "Nice!",
        "created_at": "2024-10-01T16:03:57.322Z",
        "users_that_liked": [
            4
        ]
    }
},
{
    "model": "articles.articlecomment",
    "pk": 81,
    "fields": {
        "article": 44,
        "author": 3,
        "text": "Can't wait for the next one!",
        "created_at": "2024-10-01T16:04:40.802Z",
        "users_that_liked": [
            1
        ]
    }
},
{
    "model": "users.user",
    "pk": 1,
    "fields": {
        "password": "pbkdf2_sha256$870000$eGAME2FG2QmhqTcpsJxZcn$vKxx3mXaiOVy0UPFe2p+qa2oogK8khBNSrWdxGg7jWk=",
        "last_login": "2024-10-01T14:30:56.205Z",
        "is_superuser": true,
        "username": "user0",
        "first_name": "",
        "last_name": "",
        "is_staff": false,
        "is_active": true,
        "date_joined": "2022-01-29T20:31:58.468Z",
        "email": "user0@djarticles.test",
        "groups": [],
        "user_permissions": []
    }
},
{
    "model": "users.user",
    "pk": 2,
    "fields": {
        "password": "pbkdf2_sha256$870000$FWPoivmnuCTJHNs9d9fFvC$7dPj7SerxJ5JpgtNrjXAPSZ6XDo2fxwhAk95jkemOwQ=",
        "last_login": "2024-10-01T14:27:57.293Z",
        "is_superuser": false,
        "username": "user1",
        "first_name": "",
        "last_name": "",
        "is_staff": false,
        "is_active": true,
        "date_joined": "2022-02-18T08:06:10.438Z",
        "email": "user1@djarticles.test",
        "groups": [],
        "user_permissions": []
    }
},
{
    "model": "users.user",
    "pk": 3,
    "fields": {
        "password": "pbkdf2_sha256$870000$kAmN0Hv1soaQC93QgjtTIk$E8o8OLx44MFBQUjrr8UhcafUB49wWvLqTK6LFZSW0a4=",
        "last_login": "2024-10-01T14:28:56.960Z",
        "is_superuser": false,
        "username": "user2",
        "first_name": "",
        "last_name": "",
        "is_staff": false,
        "is_active": true,
        "date_joined": "2022-02-18T08:06:32.959Z",
        "email": "user2@djarticles.test",
        "groups": [],
        "user_permissions": []
    }
},
{
    "model": "users.user",
    "pk": 4,
    "fields": {
        "password": "pbkdf2_sha256$870000$aLiIvFagQNaAUhZXloxvuX$hNZRAizXDnwN74eOOOX+Qi2GhdsrUcGEcGNAR9Sg/dU=",
        "last_login": "2024-10-01T14:29:30.436Z",
        "is_superuser": false,
        "username": "user3",
        "first_name": "",
        "last_name": "",
        "is_staff": false,
        "is_active": true,
        "date_joined": "2022-02-18T08:06:55.563Z",
        "email": "user3@djarticles.test",
        "groups": [],
        "user_permissions": []
    }
},
{
    "model": "users.profile",
    "pk": 1,
    "fields": {
        "user": 1,
        "image": "users/profile_images/default_avatar.jpg",
        "notification_emails_allowed": true,
        "subscribers": []
    }
},
{
    "model": "users.profile",
    "pk": 2,
    "fields": {
        "user": 2,
        "image": "users/profile_images/default_avatar.jpg",
        "notification_emails_allowed": true,
        "subscribers": []
    }
},
{
    "model": "users.profile",
    "pk": 3,
    "fields": {
        "user": 3,
        "image": "users/profile_images/default_avatar.jpg",
        "notification_emails_allowed": true,
        "subscribers": []
    }
},
{
    "model": "users.profile",
    "pk": 4,
    "fields": {
        "user": 4,
        "image": "users/profile_images/default_avatar.jpg",
        "notification_emails_allowed": true,
        "subscribers": []
    }
}
]
